--
-- PostgreSQL database dump
--

-- Dumped from database version 16.2 (Debian 16.2-1.pgdg120+2)
-- Dumped by pg_dump version 16.2 (Debian 16.2-1.pgdg120+2)

SET statement_timeout = 0;
SET lock_timeout = 0;
SET idle_in_transaction_session_timeout = 0;
SET client_encoding = 'UTF8';
SET standard_conforming_strings = on;
SELECT pg_catalog.set_config('search_path', '', false);
SET check_function_bodies = false;
SET xmloption = content;
SET client_min_messages = warning;
SET row_security = off;

--
-- Name: update_updated_at_column(); Type: FUNCTION; Schema: public; Owner: kinoskop_admin
--

CREATE FUNCTION public.update_updated_at_column() RETURNS trigger
    LANGUAGE plpgsql
    AS $$
BEGIN
    NEW.updated_at = NOW();
    RETURN NEW;
END;
$$;


ALTER FUNCTION public.update_updated_at_column() OWNER TO kinoskop_admin;

SET default_tablespace = '';

SET default_table_access_method = heap;

--
-- Name: compilation; Type: TABLE; Schema: public; Owner: kinoskop_admin
--

CREATE TABLE public.compilation (
    id integer NOT NULL,
    title text NOT NULL,
    compilation_type_id integer NOT NULL,
    poster_upload_id integer NOT NULL,
    CONSTRAINT compilation_title_length CHECK (((length(title) > 0) AND (length(title) <= 50))),
    CONSTRAINT compilation_type_id_positive CHECK ((compilation_type_id > 0))
);


ALTER TABLE public.compilation OWNER TO kinoskop_admin;

--
-- Name: compilation_content; Type: TABLE; Schema: public; Owner: kinoskop_admin
--

CREATE TABLE public.compilation_content (
    compilation_id integer NOT NULL,
    content_id integer NOT NULL
);


ALTER TABLE public.compilation_content OWNER TO kinoskop_admin;

--
-- Name: compilation_id_seq; Type: SEQUENCE; Schema: public; Owner: kinoskop_admin
--

ALTER TABLE public.compilation ALTER COLUMN id ADD GENERATED BY DEFAULT AS IDENTITY (
    SEQUENCE NAME public.compilation_id_seq
    START WITH 1
    INCREMENT BY 1
    NO MINVALUE
    NO MAXVALUE
    CACHE 1
);


--
-- Name: compilation_type; Type: TABLE; Schema: public; Owner: kinoskop_admin
--

CREATE TABLE public.compilation_type (
    id integer NOT NULL,
    type text NOT NULL,
    CONSTRAINT compilation_type_length CHECK ((length(type) <= 30))
);


ALTER TABLE public.compilation_type OWNER TO kinoskop_admin;

--
-- Name: compilation_type_id_seq; Type: SEQUENCE; Schema: public; Owner: kinoskop_admin
--

ALTER TABLE public.compilation_type ALTER COLUMN id ADD GENERATED BY DEFAULT AS IDENTITY (
    SEQUENCE NAME public.compilation_type_id_seq
    START WITH 1
    INCREMENT BY 1
    NO MINVALUE
    NO MAXVALUE
    CACHE 1
);


--
-- Name: content; Type: TABLE; Schema: public; Owner: kinoskop_admin
--

CREATE TABLE public.content (
    id integer NOT NULL,
    title text NOT NULL,
    original_title text,
    slogan text,
    budget integer,
    age_restriction integer NOT NULL,
    audience integer,
    imdb numeric(3,1) NOT NULL,
    description text NOT NULL,
    poster_upload_id integer NOT NULL,
    box_office integer,
    marketing_budget integer,
    created_at timestamp without time zone DEFAULT CURRENT_TIMESTAMP,
    updated_at timestamp without time zone DEFAULT CURRENT_TIMESTAMP,
    CONSTRAINT content_age_restriction_not_negative CHECK ((age_restriction >= 0)),
    CONSTRAINT content_audience_positive CHECK ((audience >= 0)),
    CONSTRAINT content_box_office_positive CHECK ((box_office >= 0)),
    CONSTRAINT content_budget_positive CHECK ((budget > 0)),
    CONSTRAINT content_imdb CHECK (((imdb >= (0)::numeric) AND (imdb <= (10)::numeric))),
    CONSTRAINT content_marketing_budget_positive CHECK ((marketing_budget >= 0)),
    CONSTRAINT description_length CHECK ((length(description) <= 10000)),
    CONSTRAINT original_title_length CHECK ((length(original_title) <= 150)),
    CONSTRAINT slogan_length CHECK ((length(slogan) <= 150)),
    CONSTRAINT title_length CHECK ((length(title) <= 150))
);


ALTER TABLE public.content OWNER TO kinoskop_admin;

--
-- Name: content_id_seq; Type: SEQUENCE; Schema: public; Owner: kinoskop_admin
--

ALTER TABLE public.content ALTER COLUMN id ADD GENERATED BY DEFAULT AS IDENTITY (
    SEQUENCE NAME public.content_id_seq
    START WITH 1
    INCREMENT BY 1
    NO MINVALUE
    NO MAXVALUE
    CACHE 1
);


--
-- Name: content_type; Type: TABLE; Schema: public; Owner: kinoskop_admin
--

CREATE TABLE public.content_type (
    id integer NOT NULL,
    content_id integer NOT NULL,
    type text NOT NULL,
    CONSTRAINT type_check CHECK (((type = 'movie'::text) OR (type = 'series'::text)))
);


ALTER TABLE public.content_type OWNER TO kinoskop_admin;

--
-- Name: content_type_id_seq; Type: SEQUENCE; Schema: public; Owner: kinoskop_admin
--

ALTER TABLE public.content_type ALTER COLUMN id ADD GENERATED BY DEFAULT AS IDENTITY (
    SEQUENCE NAME public.content_type_id_seq
    START WITH 1
    INCREMENT BY 1
    NO MINVALUE
    NO MAXVALUE
    CACHE 1
);


--
-- Name: country; Type: TABLE; Schema: public; Owner: kinoskop_admin
--

CREATE TABLE public.country (
    id integer NOT NULL,
    name text NOT NULL,
    CONSTRAINT name_length CHECK ((length(name) <= 64))
);


ALTER TABLE public.country OWNER TO kinoskop_admin;

--
-- Name: country_content; Type: TABLE; Schema: public; Owner: kinoskop_admin
--

CREATE TABLE public.country_content (
    country_id integer NOT NULL,
    content_id integer NOT NULL
);


ALTER TABLE public.country_content OWNER TO kinoskop_admin;

--
-- Name: country_id_seq; Type: SEQUENCE; Schema: public; Owner: kinoskop_admin
--

ALTER TABLE public.country ALTER COLUMN id ADD GENERATED BY DEFAULT AS IDENTITY (
    SEQUENCE NAME public.country_id_seq
    START WITH 1
    INCREMENT BY 1
    NO MINVALUE
    NO MAXVALUE
    CACHE 1
);


--
-- Name: episode; Type: TABLE; Schema: public; Owner: kinoskop_admin
--

CREATE TABLE public.episode (
    id integer NOT NULL,
    season_id integer NOT NULL,
    episode_number integer NOT NULL,
    title text NOT NULL,
    CONSTRAINT episode_episode_number_positive CHECK ((episode_number > 0)),
    CONSTRAINT episode_title_length CHECK ((length(title) <= 150))
);


ALTER TABLE public.episode OWNER TO kinoskop_admin;

--
-- Name: episode_id_seq; Type: SEQUENCE; Schema: public; Owner: kinoskop_admin
--

ALTER TABLE public.episode ALTER COLUMN id ADD GENERATED BY DEFAULT AS IDENTITY (
    SEQUENCE NAME public.episode_id_seq
    START WITH 1
    INCREMENT BY 1
    NO MINVALUE
    NO MAXVALUE
    CACHE 1
);


--
-- Name: genre; Type: TABLE; Schema: public; Owner: kinoskop_admin
--

CREATE TABLE public.genre (
    id integer NOT NULL,
    name text,
    CONSTRAINT genre_name_length CHECK ((length(name) <= 32))
);


ALTER TABLE public.genre OWNER TO kinoskop_admin;

--
-- Name: genre_content; Type: TABLE; Schema: public; Owner: kinoskop_admin
--

CREATE TABLE public.genre_content (
    genre_id integer NOT NULL,
    content_id integer NOT NULL
);


ALTER TABLE public.genre_content OWNER TO kinoskop_admin;

--
-- Name: genre_id_seq; Type: SEQUENCE; Schema: public; Owner: kinoskop_admin
--

ALTER TABLE public.genre ALTER COLUMN id ADD GENERATED BY DEFAULT AS IDENTITY (
    SEQUENCE NAME public.genre_id_seq
    START WITH 1
    INCREMENT BY 1
    NO MINVALUE
    NO MAXVALUE
    CACHE 1
);


--
-- Name: goose_db_version; Type: TABLE; Schema: public; Owner: kinoskop_admin
--

CREATE TABLE public.goose_db_version (
    id integer NOT NULL,
    version_id bigint NOT NULL,
    is_applied boolean NOT NULL,
    tstamp timestamp without time zone DEFAULT now()
);


ALTER TABLE public.goose_db_version OWNER TO kinoskop_admin;

--
-- Name: goose_db_version_id_seq; Type: SEQUENCE; Schema: public; Owner: kinoskop_admin
--

CREATE SEQUENCE public.goose_db_version_id_seq
    AS integer
    START WITH 1
    INCREMENT BY 1
    NO MINVALUE
    NO MAXVALUE
    CACHE 1;


ALTER SEQUENCE public.goose_db_version_id_seq OWNER TO kinoskop_admin;

--
-- Name: goose_db_version_id_seq; Type: SEQUENCE OWNED BY; Schema: public; Owner: kinoskop_admin
--

ALTER SEQUENCE public.goose_db_version_id_seq OWNED BY public.goose_db_version.id;


--
-- Name: movie; Type: TABLE; Schema: public; Owner: kinoskop_admin
--

CREATE TABLE public.movie (
    id integer NOT NULL,
    content_id integer NOT NULL,
    premiere timestamp without time zone,
    release timestamp without time zone,
    duration integer,
    CONSTRAINT movie_duration_check CHECK ((duration > 0))
);


ALTER TABLE public.movie OWNER TO kinoskop_admin;

--
-- Name: movie_id_seq; Type: SEQUENCE; Schema: public; Owner: kinoskop_admin
--

ALTER TABLE public.movie ALTER COLUMN id ADD GENERATED BY DEFAULT AS IDENTITY (
    SEQUENCE NAME public.movie_id_seq
    START WITH 1
    INCREMENT BY 1
    NO MINVALUE
    NO MAXVALUE
    CACHE 1
);


--
-- Name: person; Type: TABLE; Schema: public; Owner: kinoskop_admin
--

CREATE TABLE public.person (
    id integer NOT NULL,
    first_name text NOT NULL,
    last_name text NOT NULL,
    birth_date timestamp without time zone,
    death_date timestamp without time zone,
    start_career timestamp without time zone,
    end_career timestamp without time zone,
    sex character(1) NOT NULL,
    height integer,
    spouse text,
    children text,
    photo_upload_id integer,
    created_at timestamp without time zone DEFAULT CURRENT_TIMESTAMP,
    updated_at timestamp without time zone DEFAULT CURRENT_TIMESTAMP,
    CONSTRAINT height_positive CHECK ((height > 50)),
    CONSTRAINT person_check CHECK (((birth_date IS NULL) OR (death_date > birth_date))),
    CONSTRAINT person_check1 CHECK (((start_career IS NULL) OR (end_career > start_career))),
    CONSTRAINT person_children_length CHECK ((length(children) <= 150)),
    CONSTRAINT person_first_name_length CHECK ((length(first_name) <= 30)),
    CONSTRAINT person_gender CHECK (((sex = 'M'::bpchar) OR (sex = 'F'::bpchar))),
    CONSTRAINT person_last_name_length CHECK ((length(last_name) <= 30)),
    CONSTRAINT person_spouse_length CHECK ((length(spouse) <= 50))
);


ALTER TABLE public.person OWNER TO kinoskop_admin;

--
-- Name: person_id_seq; Type: SEQUENCE; Schema: public; Owner: kinoskop_admin
--

ALTER TABLE public.person ALTER COLUMN id ADD GENERATED BY DEFAULT AS IDENTITY (
    SEQUENCE NAME public.person_id_seq
    START WITH 1
    INCREMENT BY 1
    NO MINVALUE
    NO MAXVALUE
    CACHE 1
);


--
-- Name: person_role; Type: TABLE; Schema: public; Owner: kinoskop_admin
--

CREATE TABLE public.person_role (
    id integer NOT NULL,
    role_id integer NOT NULL,
    person_id integer NOT NULL,
    content_id integer NOT NULL
);


ALTER TABLE public.person_role OWNER TO kinoskop_admin;

--
-- Name: person_role_id_seq; Type: SEQUENCE; Schema: public; Owner: kinoskop_admin
--

ALTER TABLE public.person_role ALTER COLUMN id ADD GENERATED BY DEFAULT AS IDENTITY (
    SEQUENCE NAME public.person_role_id_seq
    START WITH 1
    INCREMENT BY 1
    NO MINVALUE
    NO MAXVALUE
    CACHE 1
);


--
-- Name: review; Type: TABLE; Schema: public; Owner: kinoskop_admin
--

CREATE TABLE public.review (
    id integer NOT NULL,
    user_id integer NOT NULL,
    content_id integer NOT NULL,
    title text NOT NULL,
    text text NOT NULL,
    content_rating integer NOT NULL,
    created_at timestamp without time zone DEFAULT CURRENT_TIMESTAMP,
    updated_at timestamp without time zone DEFAULT CURRENT_TIMESTAMP,
    CONSTRAINT rating_user_positive CHECK (((content_rating >= 1) AND (content_rating <= 10))),
    CONSTRAINT review_text_length CHECK (((length(text) > 0) AND (length(text) <= 10000))),
    CONSTRAINT review_title_length CHECK (((length(title) > 0) AND (length(title) <= 50)))
);


ALTER TABLE public.review OWNER TO kinoskop_admin;

--
-- Name: review_id_seq; Type: SEQUENCE; Schema: public; Owner: kinoskop_admin
--

ALTER TABLE public.review ALTER COLUMN id ADD GENERATED BY DEFAULT AS IDENTITY (
    SEQUENCE NAME public.review_id_seq
    START WITH 1
    INCREMENT BY 1
    NO MINVALUE
    NO MAXVALUE
    CACHE 1
);


--
-- Name: review_like; Type: TABLE; Schema: public; Owner: kinoskop_admin
--

CREATE TABLE public.review_like (
    review_id integer NOT NULL,
    user_id integer NOT NULL,
    value boolean NOT NULL,
    updated_at timestamp without time zone DEFAULT CURRENT_TIMESTAMP
);


ALTER TABLE public.review_like OWNER TO kinoskop_admin;

--
-- Name: role; Type: TABLE; Schema: public; Owner: kinoskop_admin
--

CREATE TABLE public.role (
    id integer NOT NULL,
    name text NOT NULL,
    CONSTRAINT role_name_length CHECK ((length(name) <= 30))
);


ALTER TABLE public.role OWNER TO kinoskop_admin;

--
-- Name: role_id_seq; Type: SEQUENCE; Schema: public; Owner: kinoskop_admin
--

ALTER TABLE public.role ALTER COLUMN id ADD GENERATED BY DEFAULT AS IDENTITY (
    SEQUENCE NAME public.role_id_seq
    START WITH 1
    INCREMENT BY 1
    NO MINVALUE
    NO MAXVALUE
    CACHE 1
);


--
-- Name: season; Type: TABLE; Schema: public; Owner: kinoskop_admin
--

CREATE TABLE public.season (
    id integer NOT NULL,
    series_id integer NOT NULL,
    year_start integer NOT NULL,
    year_end integer,
    CONSTRAINT season_check CHECK ((year_end >= year_start)),
    CONSTRAINT season_year_end_positive CHECK ((year_end > 0)),
    CONSTRAINT season_year_start_positive CHECK ((year_start > 0))
);


ALTER TABLE public.season OWNER TO kinoskop_admin;

--
-- Name: season_id_seq; Type: SEQUENCE; Schema: public; Owner: kinoskop_admin
--

ALTER TABLE public.season ALTER COLUMN id ADD GENERATED BY DEFAULT AS IDENTITY (
    SEQUENCE NAME public.season_id_seq
    START WITH 1
    INCREMENT BY 1
    NO MINVALUE
    NO MAXVALUE
    CACHE 1
);


--
-- Name: series; Type: TABLE; Schema: public; Owner: kinoskop_admin
--

CREATE TABLE public.series (
    id integer NOT NULL,
    year_start integer NOT NULL,
    year_end integer,
    content_id integer NOT NULL,
    CONSTRAINT series_check CHECK ((year_end >= year_start)),
    CONSTRAINT series_year_end_positive CHECK ((year_end > 0)),
    CONSTRAINT series_year_start_positive CHECK ((year_start > 0))
);


ALTER TABLE public.series OWNER TO kinoskop_admin;

--
-- Name: series_id_seq; Type: SEQUENCE; Schema: public; Owner: kinoskop_admin
--

ALTER TABLE public.series ALTER COLUMN id ADD GENERATED BY DEFAULT AS IDENTITY (
    SEQUENCE NAME public.series_id_seq
    START WITH 1
    INCREMENT BY 1
    NO MINVALUE
    NO MAXVALUE
    CACHE 1
);


--
-- Name: static; Type: TABLE; Schema: public; Owner: kinoskop_admin
--

CREATE TABLE public.static (
    id integer NOT NULL,
    name text NOT NULL,
    path text NOT NULL,
    created_at timestamp without time zone DEFAULT CURRENT_TIMESTAMP,
    CONSTRAINT upload_name_length CHECK ((length(name) <= 255)),
    CONSTRAINT upload_path_length CHECK ((length(path) <= 255))
);


ALTER TABLE public.static OWNER TO kinoskop_admin;

--
-- Name: static_id_seq; Type: SEQUENCE; Schema: public; Owner: kinoskop_admin
--

ALTER TABLE public.static ALTER COLUMN id ADD GENERATED BY DEFAULT AS IDENTITY (
    SEQUENCE NAME public.static_id_seq
    START WITH 1
    INCREMENT BY 1
    NO MINVALUE
    NO MAXVALUE
    CACHE 1
);


--
-- Name: users; Type: TABLE; Schema: public; Owner: kinoskop_admin
--

CREATE TABLE public.users (
    id integer NOT NULL,
    name text,
    email text NOT NULL,
    password_hashed bytea NOT NULL,
    salt_password bytea NOT NULL,
    avatar_upload_id integer,
    created_at timestamp without time zone DEFAULT CURRENT_TIMESTAMP,
    updated_at timestamp without time zone DEFAULT CURRENT_TIMESTAMP,
    CONSTRAINT email_length CHECK ((length(email) <= 256)),
    CONSTRAINT password_hashed_length CHECK ((octet_length(password_hashed) <= 32)),
    CONSTRAINT salt_password_length CHECK ((octet_length(salt_password) <= 8)),
    CONSTRAINT user_name_length CHECK ((length(name) <= 30))
);


ALTER TABLE public.users OWNER TO kinoskop_admin;

--
-- Name: users_id_seq; Type: SEQUENCE; Schema: public; Owner: kinoskop_admin
--

ALTER TABLE public.users ALTER COLUMN id ADD GENERATED BY DEFAULT AS IDENTITY (
    SEQUENCE NAME public.users_id_seq
    START WITH 1
    INCREMENT BY 1
    NO MINVALUE
    NO MAXVALUE
    CACHE 1
);


--
-- Name: goose_db_version id; Type: DEFAULT; Schema: public; Owner: kinoskop_admin
--

ALTER TABLE ONLY public.goose_db_version ALTER COLUMN id SET DEFAULT nextval('public.goose_db_version_id_seq'::regclass);


--
-- Data for Name: compilation; Type: TABLE DATA; Schema: public; Owner: kinoskop_admin
--

COPY public.compilation (id, title, compilation_type_id, poster_upload_id) FROM stdin;
1	Лучшие фильмы по выбору редакции	1	385
2	Для вечернего просмотра	1	386
3	Мультфильмы	2	387
4	Драма	2	388
5	Россия и СССР	3	389
6	Зарубежное кино	3	390
\.


--
-- Data for Name: compilation_content; Type: TABLE DATA; Schema: public; Owner: kinoskop_admin
--

COPY public.compilation_content (compilation_id, content_id) FROM stdin;
1	1
1	2
1	3
1	4
1	5
1	6
1	7
1	8
1	9
1	10
2	11
2	12
2	13
2	14
2	15
2	16
2	17
2	18
2	19
2	20
3	5
3	10
3	13
3	19
4	28
4	29
4	31
5	11
5	20
5	21
5	24
5	35
5	40
6	30
6	31
6	32
6	34
6	36
\.


--
-- Data for Name: compilation_type; Type: TABLE DATA; Schema: public; Owner: kinoskop_admin
--

COPY public.compilation_type (id, type) FROM stdin;
1	Интересные подборки
2	Жанры
3	По странам
\.


--
-- Data for Name: content; Type: TABLE DATA; Schema: public; Owner: kinoskop_admin
--

COPY public.content (id, title, original_title, slogan, budget, age_restriction, audience, imdb, description, poster_upload_id, box_office, marketing_budget, created_at, updated_at) FROM stdin;
1	Зеленая миля	The Green Mile	Пол Эджкомб не верил в чудеса. Пока не столкнулся с одним из них	\N	18	\N	8.6	Пол Эджкомб — начальник блока смертников в тюрьме «Холодная гора», каждый из узников которого однажды проходит «зеленую милю» по пути к месту казни. Пол повидал много заключённых и надзирателей за время работы. Однако гигант Джон Коффи, обвинённый в страшном преступлении, стал одним из самых необычных обитателей блока.	1	\N	\N	2024-04-10 05:55:33.772186	2024-04-10 05:55:33.772186
2	1+1	Intouchables	Sometimes you have to reach into someone else's world to find out what's missing in your own.	\N	18	\N	8.5	Пострадав в результате несчастного случая, богатый аристократ Филипп нанимает в помощники человека, который менее всего подходит для этой работы, – молодого жителя предместья Дрисса, только что освободившегося из тюрьмы. Несмотря на то, что Филипп прикован к инвалидному креслу, Дриссу удается привнести в размеренную жизнь аристократа дух приключений.	10	\N	\N	2024-04-10 05:55:33.89253	2024-04-10 05:55:33.89253
3	Форрест Гамп	Forrest Gump	Мир уже никогда не будет прежним, после того как вы увидите его глазами Форреста Гампа	\N	18	\N	8.8	Сидя на автобусной остановке, Форрест Гамп — не очень умный, но добрый и открытый парень — рассказывает случайным встречным историю своей необыкновенной жизни.\n\nС самого малолетства парень страдал от заболевания ног, соседские мальчишки дразнили его, но в один прекрасный день Форрест открыл в себе невероятные способности к бегу. Подруга детства Дженни всегда его поддерживала и защищала, но вскоре дороги их разошлись.	21	\N	\N	2024-04-10 05:55:33.921556	2024-04-10 05:55:33.921556
4	Побег из Шоушенка	The Shawshank Redemption	Страх - это кандалы. Надежда - это свобода	\N	18	\N	9.3	Бухгалтер Энди Дюфрейн обвинён в убийстве собственной жены и её любовника. Оказавшись в тюрьме под названием Шоушенк, он сталкивается с жестокостью и беззаконием, царящими по обе стороны решётки. Каждый, кто попадает в эти стены, становится их рабом до конца жизни. Но Энди, обладающий живым умом и доброй душой, находит подход как к заключённым, так и к охранникам, добиваясь их особого к себе расположения.	31	\N	\N	2024-04-10 05:55:33.937374	2024-04-10 05:55:33.937374
5	Унесённые призраками	Sen to Chihiro no kamikakushi	The tunnel led Chihiro to a mysterious town...	\N	12	\N	8.6	Тихиро с мамой и папой переезжает в новый дом. Заблудившись по дороге, они оказываются в странном пустынном городе, где их ждет великолепный пир. Родители с жадностью набрасываются на еду и к ужасу девочки превращаются в свиней, став пленниками злой колдуньи Юбабы. Теперь, оказавшись одна среди волшебных существ и загадочных видений, Тихиро должна придумать, как избавить своих родителей от чар коварной старухи.	37	\N	\N	2024-04-10 05:55:33.94711	2024-04-10 05:55:33.94711
6	Интерстеллар	Interstellar	Следующий шаг человечества станет величайшим	\N	18	\N	8.7	Когда засуха, пыльные бури и вымирание растений приводят человечество к продовольственному кризису, коллектив исследователей и учёных отправляется сквозь червоточину (которая предположительно соединяет области пространства-времени через большое расстояние) в путешествие, чтобы превзойти прежние ограничения для космических путешествий человека и найти планету с подходящими для человечества условиями.	46	\N	\N	2024-04-10 05:55:33.959717	2024-04-10 05:55:33.959717
7	Бойцовский клуб	Fight Club	Интриги. Хаос. Мыло	\N	18	\N	8.8	Сотрудник страховой компании страдает хронической бессонницей и отчаянно пытается вырваться из мучительно скучной жизни. Однажды в очередной командировке он встречает некоего Тайлера Дёрдена — харизматического торговца мылом с извращенной философией. Тайлер уверен, что самосовершенствование — удел слабых, а единственное, ради чего стоит жить, — саморазрушение.\n\nПроходит немного времени, и вот уже новые друзья лупят друг друга почем зря на стоянке перед баром, и очищающий мордобой доставляет им высшее блаженство. Приобщая других мужчин к простым радостям физической жестокости, они основывают тайный Бойцовский клуб, который начинает пользоваться невероятной популярностью.	55	\N	\N	2024-04-10 05:55:33.975756	2024-04-10 05:55:33.975756
8	Криминальное чтиво	Pulp Fiction	Just because you are a character doesn't mean you have character	\N	18	\N	8.9	Двое бандитов Винсент Вега и Джулс Винфилд ведут философские беседы в перерывах между разборками и решением проблем с должниками криминального босса Марселласа Уоллеса.\nВ первой истории Винсент проводит незабываемый вечер с женой Марселласа Мией. Во второй рассказывается о боксёре Бутче Кулидже, купленном Уоллесом, чтобы сдать бой. В третьей истории Винсент и Джулс по нелепой случайности попадают в неприятности.	68	\N	\N	2024-04-10 05:55:33.997525	2024-04-10 05:55:33.997525
9	Властелин колец: Возвращение короля	The Lord of the Rings: The Return of the King	There can be no triumph without loss. No victory without suffering. No freedom without sacrifice	\N	12	\N	9.0	Повелитель сил тьмы Саурон направляет свою бесчисленную армию под стены Минас-Тирита, крепости Последней Надежды. Он предвкушает близкую победу, но именно это мешает ему заметить две крохотные фигурки &#151; хоббитов, приближающихся к Роковой Горе, где им предстоит уничтожить Кольцо Всевластья.	77	\N	\N	2024-04-10 05:55:34.023359	2024-04-10 05:55:34.023359
10	Шрэк	Shrek	Its Big!	\N	18	\N	7.9	Жил да был в сказочном государстве большой зеленый великан по имени Шрэк. Жил он в гордом одиночестве в лесу, на болоте, которое считал своим. Но однажды злобный коротышка &#151; лорд Фаркуад, правитель волшебного королевства, безжалостно согнал на Шрэково болото всех сказочных обитателей.\nИ беспечной жизни зеленого великана пришел конец. Но лорд Фаркуад пообещал вернуть Шрэку болото, если великан добудет ему прекрасную принцессу Фиону, которая томится в неприступной башне, охраняемой огнедышащим драконом.	88	\N	\N	2024-04-10 05:55:34.047396	2024-04-10 05:55:34.047396
11	Иван Васильевич меняет профессию	\N	Иван Грозный отвечает на телефон, пока его тезка-пенсионер сидит на троне. Советский хит о липовом государе	\N	6	\N	8.2	Инженер-изобретатель Тимофеев сконструировал машину времени, которая соединила его квартиру с далёким шестнадцатым веком — точнее, с палатами государя Ивана Грозного. Туда-то и попадают тёзка царя пенсионер-общественник Иван Васильевич Бунша и квартирный вор Жорж Милославский, а сам великий государь оказывается в квартире Тимофеева.	106	\N	\N	2024-04-10 05:55:34.072254	2024-04-10 05:55:34.072254
12	Список Шиндлера	Schindler's List	Этот список - жизнь	\N	18	\N	9.0	Фильм рассказывает реальную историю загадочного Оскара Шиндлера, члена нацистской партии, преуспевающего фабриканта, спасшего во время Второй мировой войны почти 1200 евреев.	117	\N	\N	2024-04-10 05:55:34.087964	2024-04-10 05:55:34.087964
13	Ходячий замок	Howl no Ugoku Shiro	Злая колдунья превращает юную Софи в старушку. Волшебная сказка о силе любви по мотивам книги Дианы Уинн Джонс	\N	6	\N	8.2	Злая ведьма заточила 18-летнюю Софи в тело старухи. Девушка-бабушка бежит из города куда глаза глядят и встречает удивительный дом на ножках, где знакомится с могущественным волшебником Хаулом и демоном Кальцифером. Кальцифер должен служить Хаулу по договору, условия которого он не может разглашать. Девушка и демон решают помочь друг другу избавиться от злых чар.	128	\N	\N	2024-04-10 05:55:34.102298	2024-04-10 05:55:34.102298
14	Леон	Léon	Вы не можете остановить того, кого не видно	\N	18	\N	8.5	Профессиональный убийца Леон неожиданно для себя самого решает помочь 12-летней соседке Матильде, семью которой убили коррумпированные полицейские.	133	\N	\N	2024-04-10 05:55:34.113269	2024-04-10 05:55:34.113269
15	Властелин колец: Братство Кольца	The Lord of the Rings: The Fellowship of the Ring	Power can be held in the smallest of things...	\N	12	\N	8.9	Сказания о Средиземье &#151; это хроника Великой войны за Кольцо, длившейся не одну тысячу лет. Тот, кто владел Кольцом, получал неограниченную власть, но был обязан служить злу. \nТихая деревня, где живут хоббиты. Придя на 111-й день рождения к своему старому другу Бильбо Бэггинсу, волшебник Гэндальф начинает вести разговор о кольце, которое Бильбо нашел много лет назад. Это кольцо принадлежало когда-то темному властителю Средиземья Саурону, и оно дает большую власть своему обладателю. Теперь Саурон хочет вернуть себе власть над Средиземьем. Бильбо отдает Кольцо племяннику Фродо, чтобы тот отнёс его к Роковой Горе и уничтожил.	142	\N	\N	2024-04-10 05:55:34.127649	2024-04-10 05:55:34.127649
16	Остров проклятых	Shutter Island	Some places never let you go	\N	18	\N	8.2	Два американских судебных пристава отправляются на один из островов в штате Массачусетс, чтобы расследовать исчезновение пациентки клиники для умалишенных преступников. При проведении расследования им придется столкнуться с паутиной лжи, обрушившимся ураганом и смертельным бунтом обитателей клиники.	145	\N	\N	2024-04-10 05:55:34.137161	2024-04-10 05:55:34.137161
17	Властелин колец: Две крепости	The Lord of the Rings: The Two Towers	Приключение продолжается	\N	12	\N	8.8	Братство распалось, но Кольцо Всевластья должно быть уничтожено. Фродо и Сэм вынуждены довериться Голлуму, который взялся провести их к вратам Мордора. Громадная армия Сарумана приближается: члены братства и их союзники готовы принять бой. Битва за Средиземье продолжается.	154	\N	\N	2024-04-10 05:55:34.148814	2024-04-10 05:55:34.148814
18	Достучаться до небес	Knockin' on Heaven's Door	Быстрый автомобиль, миллион марок в багажнике, и всего одна неделя жить	\N	18	\N	7.8	Волею судеб две абсолютные противоположности, тихоня Руди и разгильдяй Мартин, оказываются в одной больничной палате. Узнав неутешительные прогнозы, друзья решают использовать последние дни на полную катушку — угнать машину с деньгами, напиться текилы, и, конечно, увидеть море.	157	\N	\N	2024-04-10 05:55:34.163805	2024-04-10 05:55:34.163805
19	Как приручить дракона	How to Train Your Dragon	One adventure will change two worlds	\N	6	\N	8.1	Вы узнаете историю подростка Иккинга, которому не слишком близки традиции его героического племени, много лет ведущего войну с драконами. Мир Иккинга переворачивается с ног на голову, когда он неожиданно встречает дракона Беззубика, который поможет ему и другим викингам увидеть привычный мир с совершенно другой стороны…	168	\N	\N	2024-04-10 05:55:34.199078	2024-04-10 05:55:34.199078
20	Приключения Шерлока Холмса и доктора Ватсона: Собака Баскервилей	\N	Ватсон вынужден жить с эксцентричным клиентом в доме на болотах. Блестящая советская экранизация Конан Дойла	\N	6	\N	8.5	Труп Чарльза Баскервиля обнаруживают неподалеку от его родового поместья. Выражение нечеловеческого ужаса на лице покойника и следы крупной собаки поблизости заставляют вспомнить старинную легенду о проклятии, тяготеющем над родом Баскервилей. Шерлоку Холмсу предстоит докопаться до истины.	182	\N	\N	2024-04-10 05:55:34.247204	2024-04-10 05:55:34.247204
21	Джентльмены удачи	\N	Воспитатель детсада внедряется в банду матерых рецидивистов. Евгений Леонов в разошедшейся на цитаты комедии	\N	6	\N	8.3	Заведующему детсадом Трошкину фатально не повезло: он оказался как две капли воды похож на бандита по кличке «Доцент», похитившего уникальный шлем Александра Македонского.\n\nМилиция внедряет добряка Трошкина в воровскую среду - и ему ничего не остается, кроме как старательно изображать своего двойника-злодея, путая всех окружающих. Со временем он настолько блестяще входит в роль, что сам начинает порой приходить в ужас. Между тем, жизни его угрожает смертельная опасность...	193	\N	\N	2024-04-10 05:55:34.27195	2024-04-10 05:55:34.27195
22	Начало	Inception	Твой разум - место преступления	\N	12	\N	8.8	Кобб – талантливый вор, лучший из лучших в опасном искусстве извлечения: он крадет ценные секреты из глубин подсознания во время сна, когда человеческий разум наиболее уязвим. Редкие способности Кобба сделали его ценным игроком в привычном к предательству мире промышленного шпионажа, но они же превратили его в извечного беглеца и лишили всего, что он когда-либо любил. \n\nИ вот у Кобба появляется шанс исправить ошибки. Его последнее дело может вернуть все назад, но для этого ему нужно совершить невозможное – инициацию. Вместо идеальной кражи Кобб и его команда спецов должны будут провернуть обратное. Теперь их задача – не украсть идею, а внедрить ее. Если у них получится, это и станет идеальным преступлением. \n\nНо никакое планирование или мастерство не могут подготовить команду к встрече с опасным противником, который, кажется, предугадывает каждый их ход. Врагом, увидеть которого мог бы лишь Кобб.	203	\N	\N	2024-04-10 05:55:34.297558	2024-04-10 05:55:34.297558
23	Терминатор 2: Судный день	Terminator 2: Judgment Day	Same Make. Same Model. New Mission	\N	18	\N	8.6	Прошло более десяти лет с тех пор, как киборг из 2029 года пытался уничтожить Сару Коннор — женщину, чей будущий сын выиграет войну человечества против машин.\n\nТеперь у Сары родился сын Джон и время, когда он поведёт за собой выживших людей на борьбу с машинами, неумолимо приближается. Именно в этот момент из постапокалиптического будущего прибывает новый терминатор — практически неуязвимая модель T-1000, способная принимать любое обличье. Цель нового терминатора уже не Сара, а уничтожение молодого Джона Коннора.\n\nОднако шансы Джона на спасение существенно повышаются, когда на помощь приходит перепрограммированный сопротивлением терминатор предыдущего поколения. Оба киборга вступают в смертельный бой, от исхода которого зависит судьба человечества.	207	\N	\N	2024-04-10 05:55:34.309411	2024-04-10 05:55:34.309411
32	Большой куш	Snatch	Stealing stones is hazardous	\N	18	\N	8.2	Фрэнки Четыре Пальца должен был переправить краденый алмаз из Англии в США своему боссу Эви, но, сделав ставку на подпольный боксерский поединок, он попал в круговорот весьма нежелательных событий. Вокруг него и его груза разворачивается сложная интрига с участием множества колоритных персонажей лондонского дна — русского гангстера, троих незадачливых грабителей, хитрого боксера и угрюмого громилы грозного мафиози. Каждый норовит в одиночку сорвать большой куш.	287	\N	\N	2024-04-10 05:55:34.459945	2024-04-10 05:55:34.459945
24	Шерлок Холмс и доктор Ватсон: Знакомство	\N	Увлекательные приключения самого известного сыщика всех времен	\N	12	\N	8.5	Молодой доктор по фамилии Ватсон возвратился из Афганистана в родной туманный Лондон. Ему нужно недорогое жилье. И вот, по совету друга, он поселяется в маленьком домике на Бейкер-стрит. Его хозяйка - милая чудаковатая старушка миссис Хадсон. Также там имеется сосед - некий мистер Шерлок Холмс. Это непонятная и таинственная личность - к нему в гости приходят оборванцы и бандиты, а иногда полицейские и лорды. Кто же он? Доктор в растерянности...	220	\N	\N	2024-04-10 05:55:34.335385	2024-04-10 05:55:34.335385
25	Джентльмены	The Gentlemen	Criminal. Class	\N	18	\N	7.8	Один ушлый американец ещё со студенческих лет приторговывал наркотиками, а теперь придумал схему нелегального обогащения с использованием поместий обедневшей английской аристократии и очень неплохо на этом разбогател. Другой пронырливый журналист приходит к Рэю, правой руке американца, и предлагает тому купить киносценарий, в котором подробно описаны преступления его босса при участии других представителей лондонского криминального мира — партнёра-еврея, китайской диаспоры, чернокожих спортсменов и даже русского олигарха.	224	\N	\N	2024-04-10 05:55:34.345829	2024-04-10 05:55:34.345829
26	Поймай меня, если сможешь	Catch Me If You Can	Правдивая история о реальном преступнике	\N	18	\N	8.1	Фрэнк Эбегнейл успел поработать врачом, адвокатом и пилотом на пассажирской авиалинии – и все это до достижения полного совершеннолетия в 21 год. Мастер в обмане и жульничестве, он также обладал искусством подделки документов, что в конечном счете принесло ему миллионы долларов, которые он получил по фальшивым чекам.\n\nАгент ФБР Карл Хэнрэтти отдал бы все, чтобы схватить Фрэнка и привлечь к ответственности за свои деяния, но Фрэнк всегда опережает его на шаг, заставляя продолжать погоню.	236	\N	\N	2024-04-10 05:55:34.367014	2024-04-10 05:55:34.367014
27	Зеленая книга	Green Book	Inspired by a True Friendship	\N	18	\N	8.2	1960-е годы. После закрытия нью-йоркского ночного клуба на ремонт вышибала Тони по прозвищу Болтун ищет подработку на пару месяцев. Как раз в это время Дон Ширли — утонченный светский лев, богатый и талантливый чернокожий музыкант, исполняющий классическую музыку — собирается в турне по южным штатам, где ещё сильны расистские убеждения и царит сегрегация. Он нанимает Тони в качестве водителя, телохранителя и человека, способного решать текущие проблемы. У этих двоих так мало общего, и эта поездка навсегда изменит жизнь обоих.	242	\N	\N	2024-04-10 05:55:34.38022	2024-04-10 05:55:34.38022
28	Темный рыцарь	The Dark Knight	Добро пожаловать в мир Хаоса!	\N	18	\N	9.0	Бэтмен поднимает ставки в войне с криминалом. С помощью лейтенанта Джима Гордона и прокурора Харви Дента он намерен очистить улицы Готэма от преступности. Сотрудничество оказывается эффективным, но скоро они обнаружат себя посреди хаоса, развязанного восходящим криминальным гением, известным напуганным горожанам под именем Джокер.	252	\N	\N	2024-04-10 05:55:34.396624	2024-04-10 05:55:34.396624
29	Москва слезам не верит	\N	The Funniest, Tenderest Love Story of the Year	\N	18	\N	8.0	Москва, 1950-е годы. Три молодые провинциалки приезжают в Москву в поисках того, что ищут люди во всех столицах мира — любви, счастья и достатка. Антонина выходит замуж, растит детей, любит мужа. Людмиле Москва представляется лотереей, в которой она должна выиграть свое особенное счастье. Катерина же отчаянно влюбляется, но избранник ее оставляет. Однако она не опускает руки, в одиночку растит дочь и к тому же успевает делать блестящую карьеру. В 40 лет судьба дарит ей неожиданную встречу.	259	\N	\N	2024-04-10 05:55:34.408779	2024-04-10 05:55:34.408779
30	Шрэк 2	Shrek 2	Not so far, far away...	\N	18	\N	7.3	Шрэк и Фиона возвращаются после медового месяца и находят письмо от родителей Фионы с приглашением на ужин. Однако те не подозревают, что их дочь тоже стала огром! Вместе с Осликом счастливая пара отправляется в путешествие, полное неожиданностей, и попадает в круговорот событий, во время которых приобретает множество друзей…	268	\N	\N	2024-04-10 05:55:34.424212	2024-04-10 05:55:34.424212
31	Хатико: Самый верный друг	Hachi: A Dog's Tale	Подлинная история веры, преданности и вечной любви	\N	0	\N	8.1	Однажды, возвращаясь с работы, профессор колледжа нашел на вокзале симпатичного щенка породы акита-ину. Профессор и Хатико стали верными друзьями. Каждый день пес провожал и встречал хозяина на вокзале.	275	\N	\N	2024-04-10 05:55:34.443637	2024-04-10 05:55:34.443637
33	Тайна Коко	Coco	The celebration of a lifetime	\N	12	\N	8.4	12-летний Мигель живёт в мексиканской деревушке в семье сапожников и тайно мечтает стать музыкантом. Тайно, потому что в его семье музыка считается проклятием. Когда-то его прапрадед оставил жену, прапрабабку Мигеля, ради мечты, которая теперь не даёт спокойно жить и его праправнуку. С тех пор музыкальная тема в семье стала табу. Мигель обнаруживает, что между ним и его любимым певцом Эрнесто де ла Крусом, ныне покойным, существует некая связь. Паренёк отправляется к своему кумиру в Страну Мёртвых, где встречает души предков. Мигель знакомится там с духом-скелетом по имени Гектор, который становится его проводником. Вдвоём они отправляются на поиски де ла Круса.	294	\N	\N	2024-04-10 05:55:34.477333	2024-04-10 05:55:34.477333
34	Король Лев	The Lion King	The Circle of Life	\N	0	\N	8.5	У величественного Короля-Льва Муфасы рождается наследник по имени Симба. Уже в детстве любознательный малыш становится жертвой интриг своего завистливого дяди Шрама, мечтающего о власти.\n\nСимба познаёт горе утраты, предательство и изгнание, но в конце концов обретает верных друзей и находит любимую. Закалённый испытаниями, он в нелёгкой борьбе отвоёвывает своё законное место в «Круге жизни», осознав, что значит быть настоящим Королём. 	307	\N	\N	2024-04-10 05:55:34.517276	2024-04-10 05:55:34.517276
35	Брат	\N	Дембель Данила Багров защищает слабых в Петербурге 1990-х. Фильм, сделавший Сергея Бодрова народным героем	\N	18	\N	7.8	Демобилизовавшись, Данила Багров вернулся в родной городок. Но скучная жизнь российской провинции не устраивала его, и он решился податься в Петербург, где, по слухам, уже несколько лет процветает его старший брат. Данила нашел брата. Но все оказалось не так просто — брат работает наемным убийцей.	342	\N	\N	2024-04-10 05:55:34.559604	2024-04-10 05:55:34.559604
36	Мой сосед Тоторо	Tonari no Totoro	Сестренки знакомятся с обаятельным духом леса. История о вере в чудо, ставшая визитной карточкой студии Ghibli	\N	0	\N	8.1	Сестры Сацуки и Мэй переезжают вместе с папой в деревенский дом. Однажды девочки обнаруживают, что по соседству с ними живут лесные духи — хранители леса во главе со своим могущественным и добрым повелителем Тоторо. Постепенно Тоторо становится другом девочек, помогая им в их повседневных приключениях.	351	\N	\N	2024-04-10 05:55:34.571615	2024-04-10 05:55:34.571615
37	Назад в будущее	Back to the Future	Семнадцатилетний Марти МакФлай пришел вчера домой пораньше. На 30 лет раньше	\N	12	\N	8.5	Подросток Марти с помощью машины времени, сооружённой его другом-профессором доком Брауном, попадает из 80-х в далекие 50-е. Там он встречается со своими будущими родителями, ещё подростками, и другом-профессором, совсем молодым.	357	\N	\N	2024-04-10 05:55:34.583757	2024-04-10 05:55:34.583757
38	Собачье сердце	\N	Профессор Преображенский превращает пса Шарика в человека. Экранизация одноименной повести Михаила Булгакова	\N	12	\N	8.6	Москва, 1924 год. В результате одного из сложнейших опытов профессор Филипп Филиппович Преображенский делает потрясающее открытие: после пересадки гипофиза человека пёс Шарик начинает приобретать человеческие черты. Сенсационная новость мгновенно разлетается по Москве и приносит мировому светилу очередную порцию признания. Однако радость оказывается недолгой: вопрос, что из Шарика — то есть гражданина Шарикова — может получиться «высокая психическая личность», очень быстро становится под сомнение.	365	\N	\N	2024-04-10 05:55:34.596049	2024-04-10 05:55:34.596049
39	...А зори здесь тихие	\N	Зенитчицы совершают подвиг во время Великой Отечественной войны. Номинированная на «Оскар» советская драма	\N	12	\N	8.1	В прифронтовой полосе группа девушек-зенитчиц вынуждена вступить в неравный бой с вражескими десантниками. Эти девчонки мечтали о большой любви, нежности, семейном тепле - но на их долю выпала жестокая война, и они до конца выполнили свой воинский долг…	373	\N	\N	2024-04-10 05:55:34.609094	2024-04-10 05:55:34.609094
40	Брат 2	\N	Данила возвращается!	\N	18	\N	7.6	Участвуя в программе на телевидении, Данила Багров встречает своих друзей по службе в Чечне. Одного из них внезапно убивают. Выясняется, что у того были неприятности из-за брата-хоккеиста в Америке. Данила должен разобраться. Он вылетает в Америку и за компанию берёт с собой старшего брата.	382	\N	\N	2024-04-10 05:55:34.620098	2024-04-10 05:55:34.620098
\.


--
-- Data for Name: content_type; Type: TABLE DATA; Schema: public; Owner: kinoskop_admin
--

COPY public.content_type (id, content_id, type) FROM stdin;
1	1	movie
2	2	movie
3	3	movie
4	4	movie
5	5	movie
6	6	movie
7	7	movie
8	8	movie
9	9	movie
10	10	movie
11	11	movie
12	12	movie
13	13	movie
14	14	movie
15	15	movie
16	16	movie
17	17	movie
18	18	movie
19	19	movie
20	20	movie
21	21	movie
22	22	movie
23	23	movie
24	24	movie
25	25	movie
26	26	movie
27	27	movie
28	28	movie
29	29	movie
30	30	movie
31	31	movie
32	32	movie
33	33	movie
34	34	movie
35	35	movie
36	36	movie
37	37	movie
38	38	movie
39	39	movie
40	40	movie
\.


--
-- Data for Name: country; Type: TABLE DATA; Schema: public; Owner: kinoskop_admin
--

COPY public.country (id, name) FROM stdin;
1	США
2	Швейцария
3	Франция
4	Польша
5	Великобритания
6	Швеция
7	Индия
8	Испания
9	Германия
10	Италия
11	Гонконг
12	Германия (ФРГ)
13	Австралия
14	Канада
15	Мексика
16	Япония
17	Дания
18	Чехия
19	Ирландия
20	Люксембург
21	Китай
22	Норвегия
23	Нидерланды
24	Аргентина
25	Финляндия
26	Босния и Герцеговина
27	Австрия
28	Тайвань
29	Новая Зеландия
30	Бразилия
31	Чехословакия
32	Мальта
33	СССР
34	Россия
35	Югославия
36	Португалия
37	Румыния
38	Хорватия
39	ЮАР
40	Куба
41	Колумбия
42	Израиль
43	Намибия
44	Турция
45	Бельгия
46	Сальвадор
47	Исландия
48	Венгрия
49	Корея Южная
50	Лихтенштейн
51	Болгария
52	Филиппины
53	Доминикана
54	
55	Марокко
56	Таиланд
57	Кения
58	Пакистан
59	Иран
60	Панама
61	Аруба
62	Ямайка
63	Греция
64	Тунис
65	Кыргызстан
66	Пуэрто Рико
67	Казахстан
68	Югославия (ФР)
69	Алжир
70	Германия (ГДР)
71	Сингапур
72	Словакия
73	Афганистан
74	Индонезия
75	Перу
76	Бермуды
77	Монако
78	Зимбабве
79	Вьетнам
80	Антильские Острова
81	Саудовская Аравия
82	Танзания
83	Ливия
84	Ливан
85	Кувейт
86	Египет
87	Литва
88	Венесуэла
89	Словения
90	Чили
91	Багамы
92	Эквадор
93	Коста-Рика
94	Кипр
95	Уругвай
96	Ирак
97	Мартиника
98	Эстония
99	ОАЭ
100	Бангладеш
101	Македония
102	Гвинея
103	Иордания
104	Латвия
105	Армения
106	Украина
107	Сирия
108	Шри-Ланка
109	Нигерия
110	Берег Слоновой кости
111	Грузия
112	Сенегал
113	Монголия
114	Габон
115	Замбия
116	Албания
117	Камерун
118	Буркина-Фасо
119	Узбекистан
120	Малайзия
121	Сербия
122	Гана
123	Таджикистан
124	Гаити
125	Конго (ДРК)
126	Гватемала
127	Российская империя
128	Беларусь
129	Молдова
130	Азербайджан
131	Палестина
132	Оккупированная Палестинская территория
133	Корея Северная
134	Никарагуа
135	Камбоджа
136	Ангола
137	Сербия и Черногория
138	Непал
139	Бенин
140	Гваделупа
141	Гренландия
142	Гвинея-Бисау
143	Макао
144	Парагвай
145	Мавритания
146	Руанда
147	Фарерские острова
148	Кот-д’Ивуар
149	Гибралтар
150	Ботсвана
151	Боливия
152	Мадагаскар
153	Кабо-Верде
154	Чад
155	Мали
156	Фиджи
157	Бутан
158	Барбадос
159	Тринидад и Тобаго
160	Мозамбик
161	Заир
162	Андорра
163	Туркменистан
164	Гайана
165	Корея
166	Нигер
167	Конго
168	Того
169	Ватикан
170	Черногория
171	Бурунди
172	Папуа - Новая Гвинея
173	Бахрейн
174	Гондурас
175	Судан
176	Эфиопия
177	Йемен
178	Вьетнам Северный
179	Суринам
180	Маврикий
181	Белиз
182	Либерия
183	Лесото
184	Уганда
185	Каймановы острова
186	Антигуа и Барбуда
187	Западная Сахара
188	Сан-Марино
189	Гуам
190	Косово
191	Лаос
192	Катар
193	Оман
194	Американские Виргинские острова
195	Сиам
196	Сьерра-Леоне
197	Эритрея
198	Сомали
199	Доминика
200	Бирма
201	Реюньон
202	Федеративные Штаты Микронезии
203	Самоа
204	Американское Самоа
205	Свазиленд
206	Французская Полинезия
207	Мьянма
208	Новая Каледония
209	Французская Гвиана
210	Сент-Винсент и Гренадины
211	Малави
212	Экваториальная Гвинея
213	Коморы
214	Кирибати
215	Тувалу
216	Тимор-Лесте
217	ЦАР
218	Тонга
219	Гренада
220	Гамбия
221	Антарктида
222	Острова Кука
223	Остров Мэн
224	Внешние малые острова США
225	Монтсеррат
226	Маршалловы острова
227	Бруней-Даруссалам
228	Сейшельские острова
229	Палау
230	Сент-Люсия
231	Вануату
232	Мальдивы
233	Босния
234	Уоллис и Футуна
235	Белоруссия
236	Киргизия
237	Джибути
238	Виргинские Острова (США)
239	Северная Македония
240	Виргинские Острова (Великобритания)
241	Сент-Люсия 
242	Сент-Китс и Невис
243	Соломоновы Острова
244	Виргинские Острова
245	Фолклендские острова
246	Остров Святой Елены
247	острова Теркс и Кайкос
248	Мелкие отдаленные острова США
249	Сан-Томе и Принсипи
\.


--
-- Data for Name: country_content; Type: TABLE DATA; Schema: public; Owner: kinoskop_admin
--

COPY public.country_content (country_id, content_id) FROM stdin;
1	1
3	2
1	3
1	4
16	5
1	6
5	6
14	6
1	7
9	7
1	8
1	9
29	9
1	10
6	10
14	10
33	11
1	12
16	13
1	14
3	14
1	15
29	15
1	16
1	17
29	17
9	18
1	19
3	19
33	20
33	21
1	22
5	22
1	23
33	24
1	25
5	25
1	26
14	26
1	27
21	27
1	28
5	28
33	29
1	30
14	30
1	31
5	31
1	32
5	32
1	33
15	33
1	34
34	35
16	36
1	37
33	38
33	39
1	40
34	40
\.


--
-- Data for Name: episode; Type: TABLE DATA; Schema: public; Owner: kinoskop_admin
--

COPY public.episode (id, season_id, episode_number, title) FROM stdin;
\.


--
-- Data for Name: genre; Type: TABLE DATA; Schema: public; Owner: kinoskop_admin
--

COPY public.genre (id, name) FROM stdin;
1	триллер
2	драма
3	криминал
4	мелодрама
5	детектив
6	фантастика
7	приключения
8	биография
9	фильм-нуар
10	вестерн
11	боевик
12	фэнтези
13	комедия
14	военный
15	история
16	музыка
17	ужасы
18	мультфильм
19	семейный
20	мюзикл
21	спорт
22	документальный
23	короткометражка
24	аниме
25	
26	новости
27	концерт
28	для взрослых
29	церемония
30	реальное ТВ
31	игра
32	ток-шоу
33	детский
\.


--
-- Data for Name: genre_content; Type: TABLE DATA; Schema: public; Owner: kinoskop_admin
--

COPY public.genre_content (genre_id, content_id) FROM stdin;
2	1
3	1
12	1
2	2
8	2
13	2
2	3
4	3
13	3
14	3
15	3
2	4
7	5
12	5
18	5
19	5
24	5
2	6
6	6
7	6
1	7
2	7
3	7
2	8
3	8
2	9
7	9
11	9
12	9
4	10
7	10
12	10
13	10
18	10
19	10
6	11
7	11
13	11
2	12
8	12
14	12
15	12
4	13
7	13
12	13
18	13
24	13
1	14
2	14
3	14
11	14
2	15
7	15
11	15
12	15
1	16
2	16
5	16
2	17
7	17
11	17
12	17
2	18
3	18
13	18
7	19
12	19
13	19
18	19
19	19
3	20
5	20
2	21
3	21
5	21
13	21
1	22
2	22
5	22
6	22
11	22
1	23
6	23
11	23
3	24
5	24
3	25
11	25
13	25
3	26
8	26
13	26
2	27
8	27
13	27
1	28
2	28
3	28
6	28
11	28
2	29
4	29
13	29
4	30
7	30
12	30
13	30
18	30
19	30
2	31
8	31
19	31
3	32
11	32
13	32
7	33
12	33
13	33
16	33
18	33
19	33
2	34
7	34
18	34
19	34
20	34
2	35
3	35
11	35
7	36
12	36
18	36
19	36
24	36
6	37
7	37
13	37
2	38
6	38
13	38
2	39
14	39
15	39
3	40
11	40
\.


--
-- Data for Name: goose_db_version; Type: TABLE DATA; Schema: public; Owner: kinoskop_admin
--

COPY public.goose_db_version (id, version_id, is_applied, tstamp) FROM stdin;
1	0	t	2024-04-10 05:55:18.603653
2	20240330230838	t	2024-04-10 05:55:18.628768
\.


--
-- Data for Name: movie; Type: TABLE DATA; Schema: public; Owner: kinoskop_admin
--

COPY public.movie (id, content_id, premiere, release, duration) FROM stdin;
1	1	1999-01-01 00:00:00	1999-01-01 00:00:00	189
2	2	2011-01-01 00:00:00	2011-01-01 00:00:00	112
3	3	1994-01-01 00:00:00	1994-01-01 00:00:00	142
4	4	1994-01-01 00:00:00	1994-01-01 00:00:00	142
5	5	2001-01-01 00:00:00	2001-01-01 00:00:00	125
6	6	2014-01-01 00:00:00	2014-01-01 00:00:00	169
7	7	1999-01-01 00:00:00	1999-01-01 00:00:00	139
8	8	1994-01-01 00:00:00	1994-01-01 00:00:00	154
9	9	2003-01-01 00:00:00	2003-01-01 00:00:00	201
10	10	2001-01-01 00:00:00	2001-01-01 00:00:00	90
11	11	1973-01-01 00:00:00	1973-01-01 00:00:00	88
12	12	1993-01-01 00:00:00	1993-01-01 00:00:00	195
13	13	2004-01-01 00:00:00	2004-01-01 00:00:00	119
14	14	1994-01-01 00:00:00	1994-01-01 00:00:00	133
15	15	2001-01-01 00:00:00	2001-01-01 00:00:00	178
16	16	2009-01-01 00:00:00	2009-01-01 00:00:00	138
17	17	2002-01-01 00:00:00	2002-01-01 00:00:00	179
18	18	1997-01-01 00:00:00	1997-01-01 00:00:00	87
19	19	2010-01-01 00:00:00	2010-01-01 00:00:00	98
20	20	1981-01-01 00:00:00	1981-01-01 00:00:00	154
21	21	1971-01-01 00:00:00	1971-01-01 00:00:00	84
22	22	2010-01-01 00:00:00	2010-01-01 00:00:00	148
23	23	1991-01-01 00:00:00	1991-01-01 00:00:00	137
24	24	1979-01-01 00:00:00	1979-01-01 00:00:00	68
25	25	2019-01-01 00:00:00	2019-01-01 00:00:00	113
26	26	2002-01-01 00:00:00	2002-01-01 00:00:00	141
27	27	2018-01-01 00:00:00	2018-01-01 00:00:00	130
28	28	2008-01-01 00:00:00	2008-01-01 00:00:00	152
29	29	1979-01-01 00:00:00	1979-01-01 00:00:00	150
30	30	2004-01-01 00:00:00	2004-01-01 00:00:00	93
31	31	2008-01-01 00:00:00	2008-01-01 00:00:00	89
32	32	2000-01-01 00:00:00	2000-01-01 00:00:00	104
33	33	2017-01-01 00:00:00	2017-01-01 00:00:00	105
34	34	1994-01-01 00:00:00	1994-01-01 00:00:00	88
35	35	1997-01-01 00:00:00	1997-01-01 00:00:00	100
36	36	1988-01-01 00:00:00	1988-01-01 00:00:00	86
37	37	1985-01-01 00:00:00	1985-01-01 00:00:00	116
38	38	1988-01-01 00:00:00	1988-01-01 00:00:00	136
39	39	1972-01-01 00:00:00	1972-01-01 00:00:00	160
40	40	2000-01-01 00:00:00	2000-01-01 00:00:00	127
\.


--
-- Data for Name: person; Type: TABLE DATA; Schema: public; Owner: kinoskop_admin
--

COPY public.person (id, first_name, last_name, birth_date, death_date, start_career, end_career, sex, height, spouse, children, photo_upload_id, created_at, updated_at) FROM stdin;
1	Том	Хэнкс	1956-07-09 00:00:00	\N	\N	\N	M	183	\N	\N	2	2024-04-10 05:55:33.843543	2024-04-10 05:55:33.843543
2	Дэвид	Морс	1953-10-11 00:00:00	\N	\N	\N	M	193	\N	\N	3	2024-04-10 05:55:33.852482	2024-04-10 05:55:33.852482
3	Бонни	Хант	1961-09-22 00:00:00	\N	\N	\N	F	168	\N	\N	4	2024-04-10 05:55:33.856036	2024-04-10 05:55:33.856036
4	Фрэнк	Дарабонт	1959-01-28 00:00:00	\N	\N	\N	M	183	\N	\N	5	2024-04-10 05:55:33.859501	2024-04-10 05:55:33.859501
5	Стивен	Кинг	1947-09-21 00:00:00	\N	\N	\N	M	193	\N	\N	6	2024-04-10 05:55:33.860271	2024-04-10 05:55:33.860271
6	Дэвид	Тэттерсолл	1960-11-14 00:00:00	\N	\N	\N	M	175	\N	\N	7	2024-04-10 05:55:33.864002	2024-04-10 05:55:33.864002
7	Томас	Ньюман	1955-10-20 00:00:00	\N	\N	\N	M	178	\N	\N	8	2024-04-10 05:55:33.868811	2024-04-10 05:55:33.868811
8	Ричард	Фрэнсис-Брюс	1948-12-10 00:00:00	\N	\N	\N	M	175	\N	\N	9	2024-04-10 05:55:33.872078	2024-04-10 05:55:33.872078
9	Франсуа	Клюзе	1955-09-21 00:00:00	\N	\N	\N	M	174	\N	\N	11	2024-04-10 05:55:33.901264	2024-04-10 05:55:33.901264
10	Омар	Си	1978-01-20 00:00:00	\N	\N	\N	M	190	\N	\N	12	2024-04-10 05:55:33.905928	2024-04-10 05:55:33.905928
11	Анн	Ле Ни	1962-12-16 00:00:00	\N	\N	\N	F	175	\N	\N	13	2024-04-10 05:55:33.909623	2024-04-10 05:55:33.909623
12	Оливье	Накаш	1973-04-15 00:00:00	\N	\N	\N	M	175	\N	\N	14	2024-04-10 05:55:33.910628	2024-04-10 05:55:33.910628
13	Арно	Бертран	\N	\N	\N	\N	M	175	\N	\N	15	2024-04-10 05:55:33.912048	2024-04-10 05:55:33.912048
14	Эрик	Толедано	1971-07-03 00:00:00	\N	\N	\N	M	175	\N	\N	16	2024-04-10 05:55:33.91297	2024-04-10 05:55:33.91297
15	Филипп	Поццо ди Борго	1951-02-14 00:00:00	2023-06-01 00:00:00	\N	\N	M	175	\N	\N	17	2024-04-10 05:55:33.913918	2024-04-10 05:55:33.913918
16	Матьё	Вадпьед	1963-05-25 00:00:00	\N	\N	\N	M	175	\N	\N	18	2024-04-10 05:55:33.914741	2024-04-10 05:55:33.914741
17	Людовико	Эйнауди	1955-11-23 00:00:00	\N	\N	\N	M	175	\N	\N	19	2024-04-10 05:55:33.915416	2024-04-10 05:55:33.915416
18	Дориан	Ригаль-Ансу	\N	\N	\N	\N	M	175	\N	\N	20	2024-04-10 05:55:33.916295	2024-04-10 05:55:33.916295
19	Робин	Райт	1966-04-08 00:00:00	\N	\N	\N	F	165	\N	\N	22	2024-04-10 05:55:33.926084	2024-04-10 05:55:33.926084
20	Салли	Филд	1946-11-06 00:00:00	\N	\N	\N	F	157	\N	\N	23	2024-04-10 05:55:33.926751	2024-04-10 05:55:33.926751
21	Роберт	Земекис	1952-05-14 00:00:00	\N	\N	\N	M	183	\N	\N	24	2024-04-10 05:55:33.927481	2024-04-10 05:55:33.927481
22	Венди	Файнерман	\N	\N	\N	\N	F	175	\N	\N	25	2024-04-10 05:55:33.928085	2024-04-10 05:55:33.928085
23	Уинстон	Грум	1944-03-23 00:00:00	2020-09-17 00:00:00	\N	\N	M	198	\N	\N	26	2024-04-10 05:55:33.929096	2024-04-10 05:55:33.929096
24	Эрик	Рот	1945-03-22 00:00:00	\N	\N	\N	M	178	\N	\N	27	2024-04-10 05:55:33.930188	2024-04-10 05:55:33.930188
25	Дон	Бёрджесс	1956-05-28 00:00:00	\N	\N	\N	M	175	\N	\N	28	2024-04-10 05:55:33.931356	2024-04-10 05:55:33.931356
26	Алан	Сильвестри	1950-03-26 00:00:00	\N	\N	\N	M	187	\N	\N	29	2024-04-10 05:55:33.932061	2024-04-10 05:55:33.932061
27	Артур	Шмидт	1937-06-17 00:00:00	2023-08-05 00:00:00	\N	\N	M	175	\N	\N	30	2024-04-10 05:55:33.932759	2024-04-10 05:55:33.932759
28	Тим	Роббинс	1958-10-16 00:00:00	\N	\N	\N	M	196	\N	\N	32	2024-04-10 05:55:33.939606	2024-04-10 05:55:33.939606
29	Морган	Фриман	1937-06-01 00:00:00	\N	\N	\N	M	188	\N	\N	33	2024-04-10 05:55:33.940461	2024-04-10 05:55:33.940461
30	Боб	Гантон	1945-11-15 00:00:00	\N	\N	\N	M	188	\N	\N	34	2024-04-10 05:55:33.941144	2024-04-10 05:55:33.941144
31	Лиз	Глоцер	\N	\N	\N	\N	F	175	\N	\N	35	2024-04-10 05:55:33.941815	2024-04-10 05:55:33.941815
32	Роджер	Дикинс	1949-05-24 00:00:00	\N	\N	\N	M	178	\N	\N	36	2024-04-10 05:55:33.942906	2024-04-10 05:55:33.942906
33	Руми	Хиираги	1987-08-01 00:00:00	\N	\N	\N	F	155	\N	\N	38	2024-04-10 05:55:33.951175	2024-04-10 05:55:33.951175
34	Мию	Ирино	1988-02-19 00:00:00	\N	\N	\N	M	167	\N	\N	39	2024-04-10 05:55:33.951818	2024-04-10 05:55:33.951818
35	Мари	Нацуки	1952-05-02 00:00:00	\N	\N	\N	F	163	\N	\N	40	2024-04-10 05:55:33.952402	2024-04-10 05:55:33.952402
36	Хаяо	Миядзаки	1941-01-05 00:00:00	\N	\N	\N	M	164	\N	\N	41	2024-04-10 05:55:33.953142	2024-04-10 05:55:33.953142
37	Тосио	Судзуки	1948-08-19 00:00:00	\N	\N	\N	M	175	\N	\N	42	2024-04-10 05:55:33.953769	2024-04-10 05:55:33.953769
38	Ацуси	Окуи	\N	\N	\N	\N	M	175	\N	\N	43	2024-04-10 05:55:33.954552	2024-04-10 05:55:33.954552
39	Дзё	Хисаиси	1950-12-06 00:00:00	\N	\N	\N	M	175	\N	\N	44	2024-04-10 05:55:33.955229	2024-04-10 05:55:33.955229
40	Такэси	Сэяма	\N	\N	\N	\N	M	175	\N	\N	45	2024-04-10 05:55:33.955851	2024-04-10 05:55:33.955851
41	Мэттью	Макконахи	1969-11-04 00:00:00	\N	\N	\N	M	182	\N	\N	47	2024-04-10 05:55:33.963288	2024-04-10 05:55:33.963288
42	Энн	Хэтэуэй	1982-11-12 00:00:00	\N	\N	\N	F	173	\N	\N	48	2024-04-10 05:55:33.964739	2024-04-10 05:55:33.964739
43	Джессика	Честейн	1977-03-24 00:00:00	\N	\N	\N	F	163	\N	\N	49	2024-04-10 05:55:33.965738	2024-04-10 05:55:33.965738
44	Кристофер	Нолан	1970-07-30 00:00:00	\N	\N	\N	M	181	\N	\N	50	2024-04-10 05:55:33.966372	2024-04-10 05:55:33.966372
45	Джонатан	Нолан	1976-06-06 00:00:00	\N	\N	\N	M	188	\N	\N	51	2024-04-10 05:55:33.96712	2024-04-10 05:55:33.96712
46	Хойте	Ван Хойтема	1971-10-04 00:00:00	\N	\N	\N	M	175	\N	\N	52	2024-04-10 05:55:33.967803	2024-04-10 05:55:33.967803
47	Ханс	Циммер	1957-09-12 00:00:00	\N	\N	\N	M	178	\N	\N	53	2024-04-10 05:55:33.968638	2024-04-10 05:55:33.968638
48	Ли	Смит	\N	\N	\N	\N	M	175	\N	\N	54	2024-04-10 05:55:33.970455	2024-04-10 05:55:33.970455
49	Эдвард	Нортон	1969-08-18 00:00:00	\N	\N	\N	M	183	\N	\N	56	2024-04-10 05:55:33.979038	2024-04-10 05:55:33.979038
50	Брэд	Питт	1963-12-18 00:00:00	\N	\N	\N	M	180	\N	\N	57	2024-04-10 05:55:33.979643	2024-04-10 05:55:33.979643
51	Хелена	Бонем Картер	1966-05-26 00:00:00	\N	\N	\N	F	157	\N	\N	58	2024-04-10 05:55:33.980261	2024-04-10 05:55:33.980261
52	Дэвид	Финчер	1962-08-28 00:00:00	\N	\N	\N	M	184	\N	\N	59	2024-04-10 05:55:33.981604	2024-04-10 05:55:33.981604
53	Росс	Грэйсон Белл	\N	\N	\N	\N	M	175	\N	\N	60	2024-04-10 05:55:33.982215	2024-04-10 05:55:33.982215
54	Чак	Паланик	1962-02-21 00:00:00	\N	\N	\N	M	180	\N	\N	61	2024-04-10 05:55:33.982856	2024-04-10 05:55:33.982856
55	Джим	Улс	1957-03-25 00:00:00	\N	\N	\N	M	175	\N	\N	62	2024-04-10 05:55:33.983467	2024-04-10 05:55:33.983467
56	Джефф	Кроненвет	1962-01-14 00:00:00	\N	\N	\N	M	175	\N	\N	63	2024-04-10 05:55:33.984146	2024-04-10 05:55:33.984146
57	Даст	Бразерс	\N	\N	\N	\N	M	175	\N	\N	64	2024-04-10 05:55:33.984736	2024-04-10 05:55:33.984736
58	Джон	Кинг	\N	\N	\N	\N	M	175	\N	\N	65	2024-04-10 05:55:33.985339	2024-04-10 05:55:33.985339
59	Майкл	Симпсон	\N	\N	\N	\N	M	175	\N	\N	66	2024-04-10 05:55:33.985933	2024-04-10 05:55:33.985933
60	Джеймс	Хэйгуд	\N	\N	\N	\N	M	175	\N	\N	67	2024-04-10 05:55:33.986536	2024-04-10 05:55:33.986536
61	Джон	Траволта	1954-02-18 00:00:00	\N	\N	\N	M	188	\N	\N	69	2024-04-10 05:55:34.003908	2024-04-10 05:55:34.003908
62	Сэмюэл	Л. Джексон	1948-12-21 00:00:00	\N	\N	\N	M	189	\N	\N	70	2024-04-10 05:55:34.006275	2024-04-10 05:55:34.006275
63	Брюс	Уиллис	1955-03-19 00:00:00	\N	\N	\N	M	182	\N	\N	71	2024-04-10 05:55:34.007014	2024-04-10 05:55:34.007014
64	Квентин	Тарантино	1963-03-27 00:00:00	\N	\N	\N	M	185	\N	\N	72	2024-04-10 05:55:34.009391	2024-04-10 05:55:34.009391
65	Лоуренс	Бендер	1957-10-17 00:00:00	\N	\N	\N	M	180	\N	\N	73	2024-04-10 05:55:34.01011	2024-04-10 05:55:34.01011
66	Роджер	Эвери	1965-08-23 00:00:00	\N	\N	\N	M	183	\N	\N	74	2024-04-10 05:55:34.012421	2024-04-10 05:55:34.012421
67	Анджей	Секула	1954-12-19 00:00:00	\N	\N	\N	F	175	\N	\N	75	2024-04-10 05:55:34.014365	2024-04-10 05:55:34.014365
68	Салли	Менке	1953-12-17 00:00:00	2010-09-27 00:00:00	\N	\N	F	175	\N	\N	76	2024-04-10 05:55:34.015065	2024-04-10 05:55:34.015065
69	Элайджа	Вуд	1981-01-28 00:00:00	\N	\N	\N	M	168	\N	\N	78	2024-04-10 05:55:34.032879	2024-04-10 05:55:34.032879
70	Вигго	Мортенсен	1958-10-20 00:00:00	\N	\N	\N	M	180	\N	\N	79	2024-04-10 05:55:34.03358	2024-04-10 05:55:34.03358
71	Шон	Эстин	1971-02-25 00:00:00	\N	\N	\N	M	170	\N	\N	80	2024-04-10 05:55:34.034615	2024-04-10 05:55:34.034615
72	Питер	Джексон	1961-10-31 00:00:00	\N	\N	\N	M	165	\N	\N	81	2024-04-10 05:55:34.035284	2024-04-10 05:55:34.035284
73	Дж.Р.Р.	Толкин	1892-01-03 00:00:00	1973-09-02 00:00:00	\N	\N	M	174	\N	\N	82	2024-04-10 05:55:34.036141	2024-04-10 05:55:34.036141
74	Фрэн	Уолш	1959-01-10 00:00:00	\N	\N	\N	F	175	\N	\N	83	2024-04-10 05:55:34.036833	2024-04-10 05:55:34.036833
75	Филиппа	Бойенс	\N	\N	\N	\N	F	175	\N	\N	84	2024-04-10 05:55:34.037543	2024-04-10 05:55:34.037543
76	Эндрю	Лесни	1956-01-01 00:00:00	2015-04-27 00:00:00	\N	\N	M	175	\N	\N	85	2024-04-10 05:55:34.038428	2024-04-10 05:55:34.038428
77	Говард	Шор	1946-10-18 00:00:00	\N	\N	\N	M	179	\N	\N	86	2024-04-10 05:55:34.039478	2024-04-10 05:55:34.039478
78	Джэми	Селкирк	\N	\N	\N	\N	M	175	\N	\N	87	2024-04-10 05:55:34.04224	2024-04-10 05:55:34.04224
79	Майк	Майерс	1963-05-25 00:00:00	\N	\N	\N	M	173	\N	\N	89	2024-04-10 05:55:34.052023	2024-04-10 05:55:34.052023
80	Эдди	Мерфи	1961-04-03 00:00:00	\N	\N	\N	M	178	\N	\N	90	2024-04-10 05:55:34.052732	2024-04-10 05:55:34.052732
81	Кэмерон	Диас	1972-08-30 00:00:00	\N	\N	\N	F	173	\N	\N	91	2024-04-10 05:55:34.053557	2024-04-10 05:55:34.053557
82	Эндрю	Адамсон	1966-12-01 00:00:00	\N	\N	\N	M	183	\N	\N	92	2024-04-10 05:55:34.054233	2024-04-10 05:55:34.054233
83	Джеффри	Катценберг	1950-12-21 00:00:00	\N	\N	\N	M	165	\N	\N	93	2024-04-10 05:55:34.055037	2024-04-10 05:55:34.055037
84	Уильям	Стейг	1907-11-14 00:00:00	2003-10-03 00:00:00	\N	\N	M	175	\N	\N	94	2024-04-10 05:55:34.05571	2024-04-10 05:55:34.05571
85	Тед	Эллиот	1961-07-04 00:00:00	\N	\N	\N	M	175	\N	\N	95	2024-04-10 05:55:34.056492	2024-04-10 05:55:34.056492
86	Терри	Россио	1960-07-02 00:00:00	\N	\N	\N	M	175	\N	\N	96	2024-04-10 05:55:34.057647	2024-04-10 05:55:34.057647
87	Джо	Стиллман	1959-08-01 00:00:00	\N	\N	\N	M	175	\N	\N	97	2024-04-10 05:55:34.058907	2024-04-10 05:55:34.058907
88	Роджер	С.Х. Шульман	\N	\N	\N	\N	M	175	\N	\N	98	2024-04-10 05:55:34.059942	2024-04-10 05:55:34.059942
89	Коуди	Кэмерон	1970-10-12 00:00:00	\N	\N	\N	M	175	\N	\N	99	2024-04-10 05:55:34.060588	2024-04-10 05:55:34.060588
90	Крис	Миллер	1968-01-20 00:00:00	\N	\N	\N	M	175	\N	\N	100	2024-04-10 05:55:34.061242	2024-04-10 05:55:34.061242
91	Конрад	Вернон	1968-07-11 00:00:00	\N	\N	\N	M	175	\N	\N	101	2024-04-10 05:55:34.062537	2024-04-10 05:55:34.062537
92	Chris	Miller	1968-01-20 00:00:00	\N	\N	\N	M	175	\N	\N	102	2024-04-10 05:55:34.063387	2024-04-10 05:55:34.063387
93	Гарри	Грегсон-Уильямс	1961-12-13 00:00:00	\N	\N	\N	M	175	\N	\N	103	2024-04-10 05:55:34.064051	2024-04-10 05:55:34.064051
94	Джон	Пауэлл	1963-09-18 00:00:00	\N	\N	\N	M	175	\N	\N	104	2024-04-10 05:55:34.064907	2024-04-10 05:55:34.064907
95	Сим	Эван-Джонс	\N	\N	\N	\N	M	175	\N	\N	105	2024-04-10 05:55:34.065716	2024-04-10 05:55:34.065716
96	Александр	Демьяненко	1937-05-30 00:00:00	1999-08-22 00:00:00	\N	\N	M	169	\N	\N	107	2024-04-10 05:55:34.075642	2024-04-10 05:55:34.075642
97	Юрий	Яковлев	1928-04-25 00:00:00	2013-11-30 00:00:00	\N	\N	M	187	\N	\N	108	2024-04-10 05:55:34.07703	2024-04-10 05:55:34.07703
98	Леонид	Куравлёв	1936-10-08 00:00:00	2022-01-30 00:00:00	\N	\N	M	174	\N	\N	109	2024-04-10 05:55:34.077879	2024-04-10 05:55:34.077879
99	Леонид	Гайдай	1923-01-30 00:00:00	1993-11-19 00:00:00	\N	\N	M	183	\N	\N	110	2024-04-10 05:55:34.078524	2024-04-10 05:55:34.078524
100	Владлен	Бахнов	1924-06-20 00:00:00	1994-10-26 00:00:00	\N	\N	M	175	\N	\N	111	2024-04-10 05:55:34.079214	2024-04-10 05:55:34.079214
101	Михаил	Булгаков	1891-05-15 00:00:00	1940-03-10 00:00:00	\N	\N	M	170	\N	\N	112	2024-04-10 05:55:34.079954	2024-04-10 05:55:34.079954
102	Виталий	Абрамов	1936-02-19 00:00:00	\N	\N	\N	M	175	\N	\N	113	2024-04-10 05:55:34.080614	2024-04-10 05:55:34.080614
103	Сергей	Полуянов	1924-01-04 00:00:00	1983-03-10 00:00:00	\N	\N	M	175	\N	\N	114	2024-04-10 05:55:34.081327	2024-04-10 05:55:34.081327
104	Александр	Зацепин	1926-03-10 00:00:00	\N	\N	\N	M	175	\N	\N	115	2024-04-10 05:55:34.082008	2024-04-10 05:55:34.082008
105	Клавдия	Алеева	\N	\N	\N	\N	F	175	\N	\N	116	2024-04-10 05:55:34.08272	2024-04-10 05:55:34.08272
106	Лиам	Нисон	1952-06-07 00:00:00	\N	\N	\N	M	192	\N	\N	118	2024-04-10 05:55:34.090939	2024-04-10 05:55:34.090939
107	Бен	Кингсли	1943-12-31 00:00:00	\N	\N	\N	M	173	\N	\N	119	2024-04-10 05:55:34.091819	2024-04-10 05:55:34.091819
108	Рэйф	Файнс	1962-12-22 00:00:00	\N	\N	\N	M	180	\N	\N	120	2024-04-10 05:55:34.092406	2024-04-10 05:55:34.092406
109	Стивен	Спилберг	1946-12-18 00:00:00	\N	\N	\N	M	172	\N	\N	121	2024-04-10 05:55:34.093031	2024-04-10 05:55:34.093031
110	Ирвинг	Гловин	\N	\N	\N	\N	M	175	\N	\N	122	2024-04-10 05:55:34.093678	2024-04-10 05:55:34.093678
111	Томас	Кенилли	1935-10-07 00:00:00	\N	\N	\N	M	175	\N	\N	123	2024-04-10 05:55:34.094312	2024-04-10 05:55:34.094312
112	Стивен	Зеллиан	1953-01-30 00:00:00	\N	\N	\N	M	175	\N	\N	124	2024-04-10 05:55:34.095377	2024-04-10 05:55:34.095377
113	Януш	Камински	1959-06-27 00:00:00	\N	\N	\N	M	185	\N	\N	125	2024-04-10 05:55:34.09621	2024-04-10 05:55:34.09621
114	Джон	Уильямс	1932-02-08 00:00:00	\N	\N	\N	M	182	\N	\N	126	2024-04-10 05:55:34.097054	2024-04-10 05:55:34.097054
115	Майкл	Кан	1935-12-08 00:00:00	\N	\N	\N	M	175	\N	\N	127	2024-04-10 05:55:34.098477	2024-04-10 05:55:34.098477
116	Тиэко	Байсё	1941-06-29 00:00:00	\N	\N	\N	F	159	\N	\N	129	2024-04-10 05:55:34.106615	2024-04-10 05:55:34.106615
117	Такуя	Кимура	1972-11-13 00:00:00	\N	\N	\N	M	176	\N	\N	130	2024-04-10 05:55:34.107411	2024-04-10 05:55:34.107411
118	Акихиро	Мива	1935-05-15 00:00:00	\N	\N	\N	M	175	\N	\N	131	2024-04-10 05:55:34.108201	2024-04-10 05:55:34.108201
119	Диана	Уинн Джонс	1934-08-16 00:00:00	2011-03-26 00:00:00	\N	\N	F	175	\N	\N	132	2024-04-10 05:55:34.108837	2024-04-10 05:55:34.108837
120	Жан	Рено	1948-07-30 00:00:00	\N	\N	\N	M	188	\N	\N	134	2024-04-10 05:55:34.117091	2024-04-10 05:55:34.117091
121	Натали	Портман	1981-06-09 00:00:00	\N	\N	\N	F	160	\N	\N	135	2024-04-10 05:55:34.117912	2024-04-10 05:55:34.117912
122	Гари	Олдман	1958-03-21 00:00:00	\N	\N	\N	M	174	\N	\N	136	2024-04-10 05:55:34.118556	2024-04-10 05:55:34.118556
123	Люк	Бессон	1959-03-18 00:00:00	\N	\N	\N	M	172	\N	\N	137	2024-04-10 05:55:34.120041	2024-04-10 05:55:34.120041
124	Клод	Бессон	\N	\N	\N	\N	M	175	\N	\N	138	2024-04-10 05:55:34.12072	2024-04-10 05:55:34.12072
125	Тьерри	Арбогаст	\N	\N	\N	\N	M	175	\N	\N	139	2024-04-10 05:55:34.121379	2024-04-10 05:55:34.121379
126	Эрик	Серра	1959-09-09 00:00:00	\N	\N	\N	M	175	\N	\N	140	2024-04-10 05:55:34.122056	2024-04-10 05:55:34.122056
127	Сильви	Ландра	\N	\N	\N	\N	F	175	\N	\N	141	2024-04-10 05:55:34.122856	2024-04-10 05:55:34.122856
128	Иэн	Маккеллен	1939-05-25 00:00:00	\N	\N	\N	M	180	\N	\N	143	2024-04-10 05:55:34.131146	2024-04-10 05:55:34.131146
129	Джон	Гилберт	\N	\N	\N	\N	M	175	\N	\N	144	2024-04-10 05:55:34.131851	2024-04-10 05:55:34.131851
130	Леонардо	ДиКаприо	1974-11-11 00:00:00	\N	\N	\N	M	183	\N	\N	146	2024-04-10 05:55:34.139869	2024-04-10 05:55:34.139869
131	Марк	Руффало	1967-11-22 00:00:00	\N	\N	\N	M	173	\N	\N	147	2024-04-10 05:55:34.140606	2024-04-10 05:55:34.140606
132	Мартин	Скорсезе	1942-11-17 00:00:00	\N	\N	\N	M	160	\N	\N	148	2024-04-10 05:55:34.141206	2024-04-10 05:55:34.141206
133	Брэдли	Дж. Фишер	\N	\N	\N	\N	M	175	\N	\N	149	2024-04-10 05:55:34.141854	2024-04-10 05:55:34.141854
134	Лаэта	Калогридис	1965-08-30 00:00:00	\N	\N	\N	F	175	\N	\N	150	2024-04-10 05:55:34.14249	2024-04-10 05:55:34.14249
135	Деннис	Лихейн	1965-08-04 00:00:00	\N	\N	\N	M	173	\N	\N	151	2024-04-10 05:55:34.143278	2024-04-10 05:55:34.143278
136	Роберт	Ричардсон	1955-08-27 00:00:00	\N	\N	\N	M	175	\N	\N	152	2024-04-10 05:55:34.144489	2024-04-10 05:55:34.144489
137	Тельма	Скунмейкер	1940-01-03 00:00:00	\N	\N	\N	F	175	\N	\N	153	2024-04-10 05:55:34.145217	2024-04-10 05:55:34.145217
138	Стивен	Синклер	\N	\N	\N	\N	M	175	\N	\N	155	2024-04-10 05:55:34.152385	2024-04-10 05:55:34.152385
139	Майкл	Хортон	\N	\N	\N	\N	M	175	\N	\N	156	2024-04-10 05:55:34.156143	2024-04-10 05:55:34.156143
140	Тиль	Швайгер	1963-12-19 00:00:00	\N	\N	\N	M	177	\N	\N	158	2024-04-10 05:55:34.169748	2024-04-10 05:55:34.169748
141	Ян	Йозеф Лиферс	1964-08-08 00:00:00	\N	\N	\N	M	176	\N	\N	159	2024-04-10 05:55:34.172001	2024-04-10 05:55:34.172001
142	Тьерри	Ван Вервеке	1958-10-23 00:00:00	2009-01-12 00:00:00	\N	\N	M	180	\N	\N	160	2024-04-10 05:55:34.172921	2024-04-10 05:55:34.172921
143	Томас	Ян	1965-07-09 00:00:00	\N	\N	\N	M	175	\N	\N	161	2024-04-10 05:55:34.174584	2024-04-10 05:55:34.174584
144	Андре	Хеннике	1958-09-21 00:00:00	\N	\N	\N	M	176	\N	\N	162	2024-04-10 05:55:34.175241	2024-04-10 05:55:34.175241
145	Геро	Штеффен	\N	\N	\N	\N	M	175	\N	\N	163	2024-04-10 05:55:34.175931	2024-04-10 05:55:34.175931
146	Кристиан	Неандер	\N	\N	\N	\N	M	175	\N	\N	164	2024-04-10 05:55:34.176897	2024-04-10 05:55:34.176897
147	Франц	Пласа	\N	\N	\N	\N	M	175	\N	\N	165	2024-04-10 05:55:34.1792	2024-04-10 05:55:34.1792
148	Жан	Плевка	1970-10-29 00:00:00	\N	\N	\N	M	175	\N	\N	166	2024-04-10 05:55:34.181174	2024-04-10 05:55:34.181174
149	Александр	Бернер	\N	\N	\N	\N	M	175	\N	\N	167	2024-04-10 05:55:34.181775	2024-04-10 05:55:34.181775
150	Джей	Барушель	1982-04-09 00:00:00	\N	\N	\N	M	183	\N	\N	169	2024-04-10 05:55:34.205762	2024-04-10 05:55:34.205762
151	Джерард	Батлер	1969-11-13 00:00:00	\N	\N	\N	M	188	\N	\N	170	2024-04-10 05:55:34.210249	2024-04-10 05:55:34.210249
152	Крэйг	Фергюсон	1962-05-17 00:00:00	\N	\N	\N	M	187	\N	\N	171	2024-04-10 05:55:34.211027	2024-04-10 05:55:34.211027
153	Дин	ДеБлуа	1970-06-07 00:00:00	\N	\N	\N	M	188	\N	\N	172	2024-04-10 05:55:34.213762	2024-04-10 05:55:34.213762
154	Бонни	Арнольд	\N	\N	\N	\N	F	175	\N	\N	173	2024-04-10 05:55:34.214433	2024-04-10 05:55:34.214433
155	Уильям	Дэвис	\N	\N	\N	\N	M	175	\N	\N	174	2024-04-10 05:55:34.216698	2024-04-10 05:55:34.216698
156	Крис	Сандерс	1962-03-12 00:00:00	\N	\N	\N	M	180	\N	\N	175	2024-04-10 05:55:34.217493	2024-04-10 05:55:34.217493
157	Крессида	Коуэлл	1966-04-15 00:00:00	\N	\N	\N	F	175	\N	\N	176	2024-04-10 05:55:34.219875	2024-04-10 05:55:34.219875
158	Марк	Хаймен	\N	\N	\N	\N	M	175	\N	\N	177	2024-04-10 05:55:34.220685	2024-04-10 05:55:34.220685
159	Адам	Ф. Голдберг	1976-04-02 00:00:00	\N	\N	\N	M	175	\N	\N	178	2024-04-10 05:55:34.221951	2024-04-10 05:55:34.221951
160	Джил	Циммерман	\N	\N	\N	\N	M	175	\N	\N	179	2024-04-10 05:55:34.222625	2024-04-10 05:55:34.222625
161	Марианн	Брэндон	\N	\N	\N	\N	F	175	\N	\N	180	2024-04-10 05:55:34.223343	2024-04-10 05:55:34.223343
162	Даррен	Т. Холмс	\N	\N	\N	\N	M	175	\N	\N	181	2024-04-10 05:55:34.224578	2024-04-10 05:55:34.224578
163	Василий	Ливанов	1935-07-19 00:00:00	\N	\N	\N	M	177	\N	\N	183	2024-04-10 05:55:34.251275	2024-04-10 05:55:34.251275
164	Виталий	Соломин	1941-12-12 00:00:00	2002-05-27 00:00:00	\N	\N	M	182	\N	\N	184	2024-04-10 05:55:34.252544	2024-04-10 05:55:34.252544
165	Никита	Михалков	1945-10-21 00:00:00	\N	\N	\N	M	187	\N	\N	185	2024-04-10 05:55:34.253984	2024-04-10 05:55:34.253984
166	Игорь	Масленников	1931-10-26 00:00:00	2022-09-17 00:00:00	\N	\N	M	175	\N	\N	186	2024-04-10 05:55:34.255883	2024-04-10 05:55:34.255883
167	Артур	Конан Дойл	1859-05-22 00:00:00	1930-07-07 00:00:00	\N	\N	M	186	\N	\N	187	2024-04-10 05:55:34.256978	2024-04-10 05:55:34.256978
168	Юрий	Векслер	1940-02-04 00:00:00	1991-09-29 00:00:00	\N	\N	M	175	\N	\N	188	2024-04-10 05:55:34.258961	2024-04-10 05:55:34.258961
169	Дмитрий	Долинин	1938-09-30 00:00:00	\N	\N	\N	M	175	\N	\N	189	2024-04-10 05:55:34.259924	2024-04-10 05:55:34.259924
170	Владимир	Ильин	1938-03-20 00:00:00	2006-04-02 00:00:00	\N	\N	M	175	\N	\N	190	2024-04-10 05:55:34.261029	2024-04-10 05:55:34.261029
171	Владимир	Дашкевич	1934-01-20 00:00:00	\N	\N	\N	M	175	\N	\N	191	2024-04-10 05:55:34.261966	2024-04-10 05:55:34.261966
172	Людмила	Образумова	\N	\N	\N	\N	M	175	\N	\N	192	2024-04-10 05:55:34.265521	2024-04-10 05:55:34.265521
173	Евгений	Леонов	1926-09-02 00:00:00	1994-01-29 00:00:00	\N	\N	M	165	\N	\N	194	2024-04-10 05:55:34.283785	2024-04-10 05:55:34.283785
174	Георгий	Вицин	1917-04-18 00:00:00	2001-10-22 00:00:00	\N	\N	M	174	\N	\N	195	2024-04-10 05:55:34.284833	2024-04-10 05:55:34.284833
175	Раднэр	Муратов	1928-10-21 00:00:00	2004-12-10 00:00:00	\N	\N	M	175	\N	\N	196	2024-04-10 05:55:34.286356	2024-04-10 05:55:34.286356
176	Александр	Серый	1927-10-27 00:00:00	1987-10-16 00:00:00	\N	\N	M	175	\N	\N	197	2024-04-10 05:55:34.287411	2024-04-10 05:55:34.287411
177	Георгий	Данелия	1930-08-25 00:00:00	2019-04-04 00:00:00	\N	\N	M	180	\N	\N	198	2024-04-10 05:55:34.288478	2024-04-10 05:55:34.288478
178	Виктория	Токарева	1937-11-20 00:00:00	\N	\N	\N	F	175	\N	\N	199	2024-04-10 05:55:34.289413	2024-04-10 05:55:34.289413
179	Георгий	Куприянов	1924-12-15 00:00:00	2021-01-19 00:00:00	\N	\N	M	175	\N	\N	200	2024-04-10 05:55:34.290335	2024-04-10 05:55:34.290335
180	Геннадий	Гладков	1935-02-18 00:00:00	2023-10-16 00:00:00	\N	\N	M	175	\N	\N	201	2024-04-10 05:55:34.291458	2024-04-10 05:55:34.291458
181	М.	Ренкова	\N	\N	\N	\N	M	175	\N	\N	202	2024-04-10 05:55:34.29232	2024-04-10 05:55:34.29232
182	Джозеф	Гордон-Левитт	1981-02-17 00:00:00	\N	\N	\N	M	176	\N	\N	204	2024-04-10 05:55:34.302025	2024-04-10 05:55:34.302025
183	Эллиот	Пейдж	1987-02-21 00:00:00	\N	\N	\N	M	155	\N	\N	205	2024-04-10 05:55:34.303135	2024-04-10 05:55:34.303135
184	Уолли	Пфистер	1961-07-08 00:00:00	\N	\N	\N	M	175	\N	\N	206	2024-04-10 05:55:34.304365	2024-04-10 05:55:34.304365
185	Арнольд	Шварценеггер	1947-07-30 00:00:00	\N	\N	\N	M	185	\N	\N	208	2024-04-10 05:55:34.314507	2024-04-10 05:55:34.314507
186	Линда	Хэмилтон	1956-09-26 00:00:00	\N	\N	\N	F	164	\N	\N	209	2024-04-10 05:55:34.315366	2024-04-10 05:55:34.315366
187	Эдвард	Ферлонг	1977-08-02 00:00:00	\N	\N	\N	M	168	\N	\N	210	2024-04-10 05:55:34.316179	2024-04-10 05:55:34.316179
188	Джеймс	Кэмерон	1954-08-16 00:00:00	\N	\N	\N	M	188	\N	\N	211	2024-04-10 05:55:34.317057	2024-04-10 05:55:34.317057
189	Стефани	Остин	\N	\N	\N	\N	F	175	\N	\N	212	2024-04-10 05:55:34.317886	2024-04-10 05:55:34.317886
190	Уильям	Уишер мл.	1958-09-01 00:00:00	\N	\N	\N	M	175	\N	\N	213	2024-04-10 05:55:34.318861	2024-04-10 05:55:34.318861
191	Адам	Гринберг	1938-11-30 00:00:00	\N	\N	\N	M	175	\N	\N	214	2024-04-10 05:55:34.319978	2024-04-10 05:55:34.319978
192	Брэд	Фидель	1951-03-10 00:00:00	\N	\N	\N	M	175	\N	\N	215	2024-04-10 05:55:34.321009	2024-04-10 05:55:34.321009
193	Конрад	Бафф IV	1948-07-08 00:00:00	\N	\N	\N	M	175	\N	\N	216	2024-04-10 05:55:34.321841	2024-04-10 05:55:34.321841
194	Доди	Дорн	1955-04-20 00:00:00	\N	\N	\N	F	173	\N	\N	217	2024-04-10 05:55:34.322733	2024-04-10 05:55:34.322733
195	Марк	Голдблатт	\N	\N	\N	\N	M	175	\N	\N	218	2024-04-10 05:55:34.323772	2024-04-10 05:55:34.323772
196	Ричард	А. Харрис	1934-02-06 00:00:00	\N	\N	\N	M	175	\N	\N	219	2024-04-10 05:55:34.324674	2024-04-10 05:55:34.324674
197	Рина	Зелёная	1901-11-07 00:00:00	1991-04-01 00:00:00	\N	\N	F	175	\N	\N	221	2024-04-10 05:55:34.338693	2024-04-10 05:55:34.338693
198	Юлий	Дунский	1922-07-22 00:00:00	1982-03-23 00:00:00	\N	\N	M	175	\N	\N	222	2024-04-10 05:55:34.339578	2024-04-10 05:55:34.339578
199	Валерий	Фрид	1922-01-13 00:00:00	1998-09-07 00:00:00	\N	\N	M	175	\N	\N	223	2024-04-10 05:55:34.340464	2024-04-10 05:55:34.340464
200	Чарли	Ханнэм	1980-04-10 00:00:00	\N	\N	\N	M	185	\N	\N	225	2024-04-10 05:55:34.349941	2024-04-10 05:55:34.349941
201	Генри	Голдинг	1987-02-05 00:00:00	\N	\N	\N	M	186	\N	\N	226	2024-04-10 05:55:34.350798	2024-04-10 05:55:34.350798
202	Гай	Ричи	1968-09-10 00:00:00	\N	\N	\N	M	180	\N	\N	227	2024-04-10 05:55:34.35166	2024-04-10 05:55:34.35166
203	Мэттью	Андерсон	\N	\N	\N	\N	M	175	\N	\N	228	2024-04-10 05:55:34.352527	2024-04-10 05:55:34.352527
204	Айван	Эткинсон	\N	\N	\N	\N	M	175	\N	\N	229	2024-04-10 05:55:34.353688	2024-04-10 05:55:34.353688
205	Марн	Дэвис	\N	\N	\N	\N	M	175	\N	\N	230	2024-04-10 05:55:34.354503	2024-04-10 05:55:34.354503
206	Лорен	Бонд	\N	\N	\N	\N	F	175	\N	\N	231	2024-04-10 05:55:34.355298	2024-04-10 05:55:34.355298
207	Алан	Стюарт	1960-09-05 00:00:00	\N	\N	\N	M	175	\N	\N	232	2024-04-10 05:55:34.356469	2024-04-10 05:55:34.356469
208	Кристофер	Бенстед	\N	\N	\N	\N	M	175	\N	\N	233	2024-04-10 05:55:34.35728	2024-04-10 05:55:34.35728
209	Джеймс	Херберт	\N	\N	\N	\N	M	175	\N	\N	234	2024-04-10 05:55:34.358275	2024-04-10 05:55:34.358275
210	Пол	Мачлисс	1972-04-02 00:00:00	\N	\N	\N	M	175	\N	\N	235	2024-04-10 05:55:34.359266	2024-04-10 05:55:34.359266
211	Кристофер	Уокен	1943-03-31 00:00:00	\N	\N	\N	M	183	\N	\N	237	2024-04-10 05:55:34.370922	2024-04-10 05:55:34.370922
212	Барри	Кемп	1949-12-04 00:00:00	\N	\N	\N	M	175	\N	\N	238	2024-04-10 05:55:34.371761	2024-04-10 05:55:34.371761
213	Фрэнк	Эбегнейл мл.	1948-04-27 00:00:00	\N	\N	\N	M	183	\N	\N	239	2024-04-10 05:55:34.372616	2024-04-10 05:55:34.372616
214	Стэн	Реддинг	\N	\N	\N	\N	M	175	\N	\N	240	2024-04-10 05:55:34.373446	2024-04-10 05:55:34.373446
215	Джефф	Натансон	1965-10-12 00:00:00	\N	\N	\N	M	175	\N	\N	241	2024-04-10 05:55:34.374297	2024-04-10 05:55:34.374297
216	Махершала	Али	1974-02-16 00:00:00	\N	\N	\N	M	188	\N	\N	243	2024-04-10 05:55:34.384484	2024-04-10 05:55:34.384484
217	Линда	Карделлини	1975-06-25 00:00:00	\N	\N	\N	F	160	\N	\N	244	2024-04-10 05:55:34.385145	2024-04-10 05:55:34.385145
218	Питер	Фаррелли	1956-12-17 00:00:00	\N	\N	\N	M	182	\N	\N	245	2024-04-10 05:55:34.385826	2024-04-10 05:55:34.385826
219	Джим	Бёрк	\N	\N	\N	\N	M	187	\N	\N	246	2024-04-10 05:55:34.387057	2024-04-10 05:55:34.387057
220	Ник	Валлелонга	1959-09-13 00:00:00	\N	\N	\N	M	185	\N	\N	247	2024-04-10 05:55:34.387719	2024-04-10 05:55:34.387719
221	Брайан	Хэйес Карри	\N	\N	\N	\N	M	183	\N	\N	248	2024-04-10 05:55:34.388668	2024-04-10 05:55:34.388668
222	Шон	Портер	\N	\N	\N	\N	M	175	\N	\N	249	2024-04-10 05:55:34.389499	2024-04-10 05:55:34.389499
223	Крис	Бауэрс	1989-04-05 00:00:00	\N	\N	\N	M	175	\N	\N	250	2024-04-10 05:55:34.390391	2024-04-10 05:55:34.390391
224	Патрик	Дж. Дон Вито	\N	\N	\N	\N	M	175	\N	\N	251	2024-04-10 05:55:34.391682	2024-04-10 05:55:34.391682
225	Кристиан	Бэйл	1974-01-30 00:00:00	\N	\N	\N	M	183	\N	\N	253	2024-04-10 05:55:34.40034	2024-04-10 05:55:34.40034
226	Хит	Леджер	1979-04-04 00:00:00	2008-01-22 00:00:00	\N	\N	M	185	\N	\N	254	2024-04-10 05:55:34.40102	2024-04-10 05:55:34.40102
227	Аарон	Экхарт	1968-03-12 00:00:00	\N	\N	\N	M	183	\N	\N	255	2024-04-10 05:55:34.401663	2024-04-10 05:55:34.401663
228	Дэвид	С. Гойер	1965-12-22 00:00:00	\N	\N	\N	M	168	\N	\N	256	2024-04-10 05:55:34.402301	2024-04-10 05:55:34.402301
229	Боб	Кейн	1915-10-24 00:00:00	1998-11-03 00:00:00	\N	\N	M	179	\N	\N	257	2024-04-10 05:55:34.402959	2024-04-10 05:55:34.402959
230	Джеймс	Ньютон Ховард	1951-06-09 00:00:00	\N	\N	\N	M	178	\N	\N	258	2024-04-10 05:55:34.403611	2024-04-10 05:55:34.403611
231	Вера	Алентова	1942-02-21 00:00:00	\N	\N	\N	F	172	\N	\N	260	2024-04-10 05:55:34.411401	2024-04-10 05:55:34.411401
232	Ирина	Муравьёва	1949-02-08 00:00:00	\N	\N	\N	F	165	\N	\N	261	2024-04-10 05:55:34.41203	2024-04-10 05:55:34.41203
233	Алексей	Баталов	1928-11-20 00:00:00	2017-06-15 00:00:00	\N	\N	M	175	\N	\N	262	2024-04-10 05:55:34.412958	2024-04-10 05:55:34.412958
234	Владимир	Меньшов	1939-09-17 00:00:00	2021-07-05 00:00:00	\N	\N	M	175	\N	\N	263	2024-04-10 05:55:34.413584	2024-04-10 05:55:34.413584
235	Валентин	Черных	1935-03-12 00:00:00	2012-08-06 00:00:00	\N	\N	M	175	\N	\N	264	2024-04-10 05:55:34.414215	2024-04-10 05:55:34.414215
236	Игорь	Слабневич	1921-04-11 00:00:00	2007-06-07 00:00:00	\N	\N	M	175	\N	\N	265	2024-04-10 05:55:34.415086	2024-04-10 05:55:34.415086
237	Сергей	Никитин	1944-03-08 00:00:00	\N	\N	\N	M	175	\N	\N	266	2024-04-10 05:55:34.416075	2024-04-10 05:55:34.416075
238	Елена	Михайлова	1935-01-02 00:00:00	\N	\N	\N	F	175	\N	\N	267	2024-04-10 05:55:34.420493	2024-04-10 05:55:34.420493
239	Дэвид	Липман	\N	\N	\N	\N	M	175	\N	\N	269	2024-04-10 05:55:34.430899	2024-04-10 05:55:34.430899
240	Дж.	Дэвид Стем	\N	\N	\N	\N	M	185	\N	\N	270	2024-04-10 05:55:34.431556	2024-04-10 05:55:34.431556
241	Дэвид	Н. Уайсс	\N	\N	\N	\N	M	175	\N	\N	271	2024-04-10 05:55:34.432096	2024-04-10 05:55:34.432096
242	Уолт	Дорн	1970-12-05 00:00:00	\N	\N	\N	M	175	\N	\N	272	2024-04-10 05:55:34.432678	2024-04-10 05:55:34.432678
243	Дэвид	П. Смит	\N	\N	\N	\N	M	175	\N	\N	273	2024-04-10 05:55:34.433451	2024-04-10 05:55:34.433451
244	Майкл	Эндрюс	\N	\N	\N	\N	M	175	\N	\N	274	2024-04-10 05:55:34.434022	2024-04-10 05:55:34.434022
245	Ричард	Гир	1949-08-31 00:00:00	\N	\N	\N	M	178	\N	\N	276	2024-04-10 05:55:34.448413	2024-04-10 05:55:34.448413
246	Джоан	Аллен	1956-08-20 00:00:00	\N	\N	\N	F	178	\N	\N	277	2024-04-10 05:55:34.449115	2024-04-10 05:55:34.449115
247	Кэри-Хироюки	Тагава	1950-09-27 00:00:00	\N	\N	\N	M	180	\N	\N	278	2024-04-10 05:55:34.449928	2024-04-10 05:55:34.449928
248	Лассе	Халльстрём	1946-06-02 00:00:00	\N	\N	\N	M	184	\N	\N	279	2024-04-10 05:55:34.450539	2024-04-10 05:55:34.450539
249	Джефф	Абберли	\N	\N	\N	\N	M	175	\N	\N	280	2024-04-10 05:55:34.4511	2024-04-10 05:55:34.4511
250	Стефен	П. Линдси	\N	\N	\N	\N	M	175	\N	\N	281	2024-04-10 05:55:34.45168	2024-04-10 05:55:34.45168
251	Канэто	Синдо	1912-04-22 00:00:00	2012-05-29 00:00:00	\N	\N	M	175	\N	\N	282	2024-04-10 05:55:34.452789	2024-04-10 05:55:34.452789
252	Рон	Фортунато	\N	\N	\N	\N	M	175	\N	\N	283	2024-04-10 05:55:34.453528	2024-04-10 05:55:34.453528
253	Ренато	Фортунато	\N	\N	\N	\N	M	175	\N	\N	284	2024-04-10 05:55:34.454126	2024-04-10 05:55:34.454126
254	Ян	А.П. Качмарек	1953-04-29 00:00:00	\N	\N	\N	M	175	\N	\N	285	2024-04-10 05:55:34.454726	2024-04-10 05:55:34.454726
255	Кристина	Боден	\N	\N	\N	\N	M	175	\N	\N	286	2024-04-10 05:55:34.455583	2024-04-10 05:55:34.455583
256	Джейсон	Стэйтем	1967-07-26 00:00:00	\N	\N	\N	M	178	\N	\N	288	2024-04-10 05:55:34.46454	2024-04-10 05:55:34.46454
257	Стивен	Грэм	1973-08-03 00:00:00	\N	\N	\N	M	168	\N	\N	289	2024-04-10 05:55:34.466344	2024-04-10 05:55:34.466344
258	Мэттью	Вон	1971-03-07 00:00:00	\N	\N	\N	M	183	\N	\N	290	2024-04-10 05:55:34.467741	2024-04-10 05:55:34.467741
259	Тим	Морис-Джонс	\N	\N	\N	\N	M	175	\N	\N	291	2024-04-10 05:55:34.468906	2024-04-10 05:55:34.468906
260	Джон	Мерфи	1965-03-04 00:00:00	\N	\N	\N	M	175	\N	\N	292	2024-04-10 05:55:34.470745	2024-04-10 05:55:34.470745
261	Джон	Харрис	1967-07-11 00:00:00	\N	\N	\N	M	175	\N	\N	293	2024-04-10 05:55:34.471894	2024-04-10 05:55:34.471894
262	Энтони	Гонсалес	2004-09-23 00:00:00	\N	\N	\N	M	175	\N	\N	295	2024-04-10 05:55:34.486136	2024-04-10 05:55:34.486136
263	Гаэль	Гарсиа Берналь	1978-11-30 00:00:00	\N	\N	\N	M	170	\N	\N	296	2024-04-10 05:55:34.491262	2024-04-10 05:55:34.491262
264	Бенджамин	Брэтт	1963-12-16 00:00:00	\N	\N	\N	M	188	\N	\N	297	2024-04-10 05:55:34.491894	2024-04-10 05:55:34.491894
265	Ли	Анкрич	1967-08-08 00:00:00	\N	\N	\N	M	175	\N	\N	298	2024-04-10 05:55:34.492591	2024-04-10 05:55:34.492591
266	Дарла	К. Андерсон	\N	\N	\N	\N	F	175	\N	\N	299	2024-04-10 05:55:34.493188	2024-04-10 05:55:34.493188
267	Джейсон	Кац	\N	\N	\N	\N	M	175	\N	\N	300	2024-04-10 05:55:34.493772	2024-04-10 05:55:34.493772
268	Мэттью	Олдрич	\N	\N	\N	\N	M	175	\N	\N	301	2024-04-10 05:55:34.494475	2024-04-10 05:55:34.494475
269	Эдриан	Молина	1985-08-23 00:00:00	\N	\N	\N	M	175	\N	\N	302	2024-04-10 05:55:34.495062	2024-04-10 05:55:34.495062
270	Мэтт	Оспбэри	\N	\N	\N	\N	M	175	\N	\N	303	2024-04-10 05:55:34.49982	2024-04-10 05:55:34.49982
271	Даниэль	Фейнберг	\N	\N	\N	\N	F	175	\N	\N	304	2024-04-10 05:55:34.500432	2024-04-10 05:55:34.500432
272	Майкл	Джаккино	1967-10-10 00:00:00	\N	\N	\N	M	173	\N	\N	305	2024-04-10 05:55:34.501485	2024-04-10 05:55:34.501485
273	Стив	Блум	\N	\N	\N	\N	M	175	\N	\N	306	2024-04-10 05:55:34.502089	2024-04-10 05:55:34.502089
274	Мэттью	Бродерик	1962-03-21 00:00:00	\N	\N	\N	M	172	\N	\N	308	2024-04-10 05:55:34.521297	2024-04-10 05:55:34.521297
275	Джереми	Айронс	1948-09-19 00:00:00	\N	\N	\N	M	187	\N	\N	309	2024-04-10 05:55:34.521982	2024-04-10 05:55:34.521982
276	Нэйтан	Лейн	1956-02-03 00:00:00	\N	\N	\N	M	165	\N	\N	310	2024-04-10 05:55:34.52265	2024-04-10 05:55:34.52265
277	Роджер	Аллерс	1949-06-29 00:00:00	\N	\N	\N	M	175	\N	\N	311	2024-04-10 05:55:34.523336	2024-04-10 05:55:34.523336
278	Дон	Хан	1955-11-25 00:00:00	\N	\N	\N	M	189	\N	\N	312	2024-04-10 05:55:34.523942	2024-04-10 05:55:34.523942
279	Ирен	Меччи	1949-09-21 00:00:00	\N	\N	\N	F	175	\N	\N	313	2024-04-10 05:55:34.524689	2024-04-10 05:55:34.524689
280	Джонатан	Робертс	1956-05-10 00:00:00	\N	\N	\N	M	175	\N	\N	314	2024-04-10 05:55:34.525371	2024-04-10 05:55:34.525371
281	Линда	Вулвертон	\N	\N	\N	\N	F	175	\N	\N	315	2024-04-10 05:55:34.526071	2024-04-10 05:55:34.526071
282	Барни	Мэттинсон	1935-05-13 00:00:00	2023-02-27 00:00:00	\N	\N	M	175	\N	\N	316	2024-04-10 05:55:34.526779	2024-04-10 05:55:34.526779
283	Бэрри	Джонсон	\N	\N	\N	\N	M	175	\N	\N	317	2024-04-10 05:55:34.527411	2024-04-10 05:55:34.527411
284	Лорна	Кук	\N	\N	\N	\N	F	175	\N	\N	318	2024-04-10 05:55:34.528296	2024-04-10 05:55:34.528296
285	Том	Энрикез	\N	\N	\N	\N	M	175	\N	\N	319	2024-04-10 05:55:34.528953	2024-04-10 05:55:34.528953
286	Энди	Гэскилл	1951-12-29 00:00:00	\N	\N	\N	M	175	\N	\N	320	2024-04-10 05:55:34.529586	2024-04-10 05:55:34.529586
287	Гари	Труздейл	1960-06-08 00:00:00	\N	\N	\N	M	175	\N	\N	321	2024-04-10 05:55:34.530217	2024-04-10 05:55:34.530217
288	Джим	Капобьянко	1969-03-22 00:00:00	\N	\N	\N	M	175	\N	\N	322	2024-04-10 05:55:34.530811	2024-04-10 05:55:34.530811
289	Кевин	Харки	\N	\N	\N	\N	M	175	\N	\N	323	2024-04-10 05:55:34.533392	2024-04-10 05:55:34.533392
290	Йорген	Клюбен	\N	\N	\N	\N	M	175	\N	\N	324	2024-04-10 05:55:34.534368	2024-04-10 05:55:34.534368
291	Том	Сайто	1956-05-19 00:00:00	\N	\N	\N	M	185	\N	\N	325	2024-04-10 05:55:34.534986	2024-04-10 05:55:34.534986
292	Ларри	Лекер	\N	\N	\N	\N	M	175	\N	\N	326	2024-04-10 05:55:34.535589	2024-04-10 05:55:34.535589
293	Джо	Рэнфт	1960-03-13 00:00:00	2005-08-16 00:00:00	\N	\N	M	175	\N	\N	327	2024-04-10 05:55:34.536246	2024-04-10 05:55:34.536246
294	Рик	Маки	\N	\N	\N	\N	M	175	\N	\N	328	2024-04-10 05:55:34.53688	2024-04-10 05:55:34.53688
295	Эд	Гомберт	1951-11-16 00:00:00	\N	\N	\N	M	175	\N	\N	329	2024-04-10 05:55:34.537523	2024-04-10 05:55:34.537523
296	Фрэнсис	Глебас	1953-04-12 00:00:00	\N	\N	\N	M	175	\N	\N	330	2024-04-10 05:55:34.538191	2024-04-10 05:55:34.538191
297	Марк	Кауслер	1948-08-10 00:00:00	\N	\N	\N	M	175	\N	\N	331	2024-04-10 05:55:34.538859	2024-04-10 05:55:34.538859
298	Дж.Т.	Аллен	\N	\N	\N	\N	M	175	\N	\N	332	2024-04-10 05:55:34.539713	2024-04-10 05:55:34.539713
299	Джордж	Скрибнер	1952-09-28 00:00:00	\N	\N	\N	M	175	\N	\N	333	2024-04-10 05:55:34.540364	2024-04-10 05:55:34.540364
300	Мигель	Техада-Флорес	1951-12-02 00:00:00	\N	\N	\N	M	175	\N	\N	334	2024-04-10 05:55:34.541228	2024-04-10 05:55:34.541228
301	Дженни	Трип	\N	\N	\N	\N	M	175	\N	\N	335	2024-04-10 05:55:34.541909	2024-04-10 05:55:34.541909
302	Боб	Цудикер	1953-08-28 00:00:00	\N	\N	\N	M	175	\N	\N	336	2024-04-10 05:55:34.542591	2024-04-10 05:55:34.542591
303	Крис	Фоглер	\N	\N	\N	\N	M	175	\N	\N	337	2024-04-10 05:55:34.543409	2024-04-10 05:55:34.543409
304	Кирк	Уайз	1963-08-24 00:00:00	\N	\N	\N	M	175	\N	\N	338	2024-04-10 05:55:34.544075	2024-04-10 05:55:34.544075
305	Нони	Уайт	\N	\N	\N	\N	F	175	\N	\N	339	2024-04-10 05:55:34.545097	2024-04-10 05:55:34.545097
306	Бренда	Чепмен	1962-11-01 00:00:00	\N	\N	\N	F	175	\N	\N	340	2024-04-10 05:55:34.545922	2024-04-10 05:55:34.545922
307	Иван	Биланкио	\N	\N	\N	\N	M	175	\N	\N	341	2024-04-10 05:55:34.546579	2024-04-10 05:55:34.546579
308	Сергей	Бодров мл.	1971-12-27 00:00:00	2002-09-20 00:00:00	\N	\N	M	183	\N	\N	343	2024-04-10 05:55:34.562223	2024-04-10 05:55:34.562223
309	Виктор	Сухоруков	1951-11-10 00:00:00	\N	\N	\N	M	169	\N	\N	344	2024-04-10 05:55:34.562861	2024-04-10 05:55:34.562861
310	Светлана	Письмиченко	1964-11-28 00:00:00	\N	\N	\N	F	175	\N	\N	345	2024-04-10 05:55:34.563482	2024-04-10 05:55:34.563482
311	Алексей	Балабанов	1959-02-25 00:00:00	2013-05-18 00:00:00	\N	\N	M	175	\N	\N	346	2024-04-10 05:55:34.564114	2024-04-10 05:55:34.564114
312	Сергей	Сельянов	1955-08-21 00:00:00	\N	\N	\N	M	175	\N	\N	347	2024-04-10 05:55:34.565864	2024-04-10 05:55:34.565864
313	Сергей	Астахов	1953-11-08 00:00:00	\N	\N	\N	M	175	\N	\N	348	2024-04-10 05:55:34.566511	2024-04-10 05:55:34.566511
314	Вячеслав	Бутусов	1961-10-15 00:00:00	\N	\N	\N	M	173	\N	\N	349	2024-04-10 05:55:34.567309	2024-04-10 05:55:34.567309
315	Марина	Липартия	1971-10-15 00:00:00	2002-09-20 00:00:00	\N	\N	F	175	\N	\N	350	2024-04-10 05:55:34.567941	2024-04-10 05:55:34.567941
316	Норико	Хидака	1962-05-31 00:00:00	\N	\N	\N	F	175	\N	\N	352	2024-04-10 05:55:34.574835	2024-04-10 05:55:34.574835
317	Тика	Сакамото	1959-08-17 00:00:00	\N	\N	\N	F	154	\N	\N	353	2024-04-10 05:55:34.575494	2024-04-10 05:55:34.575494
318	Хитоси	Такаги	1925-02-26 00:00:00	2004-02-11 00:00:00	\N	\N	M	172	\N	\N	354	2024-04-10 05:55:34.576136	2024-04-10 05:55:34.576136
319	Тору	Хара	1935-12-26 00:00:00	\N	\N	\N	M	175	\N	\N	355	2024-04-10 05:55:34.576791	2024-04-10 05:55:34.576791
320	Хисао	Сираи	1946-12-12 00:00:00	2019-04-28 00:00:00	\N	\N	M	175	\N	\N	356	2024-04-10 05:55:34.579326	2024-04-10 05:55:34.579326
321	Майкл	Дж. Фокс	1961-06-09 00:00:00	\N	\N	\N	M	163	\N	\N	358	2024-04-10 05:55:34.58626	2024-04-10 05:55:34.58626
322	Кристофер	Ллойд	1938-10-22 00:00:00	\N	\N	\N	M	185	\N	\N	359	2024-04-10 05:55:34.586929	2024-04-10 05:55:34.586929
323	Лиа	Томпсон	1961-05-31 00:00:00	\N	\N	\N	F	160	\N	\N	360	2024-04-10 05:55:34.587583	2024-04-10 05:55:34.587583
324	Нил	Кэнтон	\N	\N	\N	\N	M	175	\N	\N	361	2024-04-10 05:55:34.588218	2024-04-10 05:55:34.588218
325	Боб	Гейл	1951-05-25 00:00:00	\N	\N	\N	M	175	\N	\N	362	2024-04-10 05:55:34.588895	2024-04-10 05:55:34.588895
326	Дин	Канди	1946-03-12 00:00:00	\N	\N	\N	M	175	\N	\N	363	2024-04-10 05:55:34.59099	2024-04-10 05:55:34.59099
327	Гарри	Керамидас	\N	\N	\N	\N	M	175	\N	\N	364	2024-04-10 05:55:34.591611	2024-04-10 05:55:34.591611
328	Евгений	Евстигнеев	1926-10-09 00:00:00	1992-03-04 00:00:00	\N	\N	M	169	\N	\N	366	2024-04-10 05:55:34.601206	2024-04-10 05:55:34.601206
329	Владимир	Толоконников	1943-06-25 00:00:00	2017-07-15 00:00:00	\N	\N	M	163	\N	\N	367	2024-04-10 05:55:34.601911	2024-04-10 05:55:34.601911
330	Борис	Плотников	1949-04-02 00:00:00	2020-12-02 00:00:00	\N	\N	M	185	\N	\N	368	2024-04-10 05:55:34.602568	2024-04-10 05:55:34.602568
331	Владимир	Бортко	1946-05-07 00:00:00	\N	\N	\N	M	175	\N	\N	369	2024-04-10 05:55:34.603223	2024-04-10 05:55:34.603223
332	Наталия	Бортко	1950-07-26 00:00:00	\N	\N	\N	M	175	\N	\N	370	2024-04-10 05:55:34.603972	2024-04-10 05:55:34.603972
333	Юрий	Шайгарданов	1954-07-29 00:00:00	\N	\N	\N	M	175	\N	\N	371	2024-04-10 05:55:34.605073	2024-04-10 05:55:34.605073
334	Леда	Семёнова	1939-06-25 00:00:00	\N	\N	\N	F	175	\N	\N	372	2024-04-10 05:55:34.605704	2024-04-10 05:55:34.605704
335	Елена	Драпеко	1948-10-29 00:00:00	\N	\N	\N	F	175	\N	\N	374	2024-04-10 05:55:34.611732	2024-04-10 05:55:34.611732
336	Екатерина	Маркова	1946-11-18 00:00:00	\N	\N	\N	F	175	\N	\N	375	2024-04-10 05:55:34.612491	2024-04-10 05:55:34.612491
337	Ольга	Остроумова	1947-09-21 00:00:00	\N	\N	\N	F	175	\N	\N	376	2024-04-10 05:55:34.61346	2024-04-10 05:55:34.61346
338	Станислав	Ростоцкий	1922-04-21 00:00:00	2001-08-10 00:00:00	\N	\N	M	175	\N	\N	377	2024-04-10 05:55:34.614102	2024-04-10 05:55:34.614102
339	Борис	Васильев	1924-05-21 00:00:00	2013-03-11 00:00:00	\N	\N	M	175	\N	\N	378	2024-04-10 05:55:34.614721	2024-04-10 05:55:34.614721
340	Вячеслав	Шумский	1921-12-17 00:00:00	2011-01-23 00:00:00	\N	\N	M	175	\N	\N	379	2024-04-10 05:55:34.615325	2024-04-10 05:55:34.615325
341	Кирилл	Молчанов	1922-09-07 00:00:00	1982-03-14 00:00:00	\N	\N	M	175	\N	\N	380	2024-04-10 05:55:34.615905	2024-04-10 05:55:34.615905
342	Валентина	Миронова	\N	\N	\N	\N	F	175	\N	\N	381	2024-04-10 05:55:34.616481	2024-04-10 05:55:34.616481
343	Сергей	Маковецкий	1958-06-13 00:00:00	\N	\N	\N	M	180	\N	\N	383	2024-04-10 05:55:34.623291	2024-04-10 05:55:34.623291
344	Валери	Гобо	\N	\N	\N	\N	F	175	\N	\N	384	2024-04-10 05:55:34.623914	2024-04-10 05:55:34.623914
\.


--
-- Data for Name: person_role; Type: TABLE DATA; Schema: public; Owner: kinoskop_admin
--

COPY public.person_role (id, role_id, person_id, content_id) FROM stdin;
1	1	1	1
2	1	2	1
3	1	3	1
4	2	4	1
5	3	4	1
6	4	5	1
7	4	4	1
8	5	6	1
9	6	7	1
10	7	8	1
11	1	9	2
12	1	10	2
13	1	11	2
14	2	12	2
15	3	13	2
16	4	12	2
17	4	14	2
18	4	15	2
19	5	16	2
20	6	17	2
21	7	18	2
22	1	1	3
23	1	19	3
24	1	20	3
25	2	21	3
26	3	22	3
27	4	23	3
28	4	24	3
29	5	25	3
30	6	26	3
31	7	27	3
32	1	28	4
33	1	29	4
34	1	30	4
35	2	4	4
36	3	31	4
37	4	5	4
38	4	4	4
39	5	32	4
40	6	7	4
41	7	8	4
42	1	33	5
43	1	34	5
44	1	35	5
45	2	36	5
46	3	37	5
47	4	36	5
48	5	38	5
49	6	39	5
50	7	40	5
51	1	41	6
52	1	42	6
53	1	43	6
54	2	44	6
55	3	44	6
56	4	45	6
57	4	44	6
58	5	46	6
59	6	47	6
60	7	48	6
61	1	49	7
62	1	50	7
63	1	51	7
64	2	52	7
65	3	53	7
66	4	54	7
67	4	55	7
68	5	56	7
69	6	57	7
70	6	58	7
71	6	59	7
72	7	60	7
73	1	61	8
74	1	62	8
75	1	63	8
76	2	64	8
77	3	65	8
78	4	64	8
79	4	66	8
80	5	67	8
81	7	68	8
82	1	69	9
83	1	70	9
84	1	71	9
85	2	72	9
86	3	72	9
87	4	73	9
88	4	74	9
89	4	75	9
90	4	72	9
91	5	76	9
92	6	77	9
93	7	78	9
94	1	79	10
95	1	80	10
96	1	81	10
97	2	82	10
98	3	83	10
99	4	84	10
100	4	85	10
101	4	86	10
102	4	87	10
103	4	88	10
104	4	89	10
105	4	90	10
106	4	91	10
107	4	92	10
108	6	93	10
109	6	94	10
110	7	95	10
111	1	96	11
112	1	97	11
113	1	98	11
114	2	99	11
115	4	100	11
116	4	101	11
117	4	99	11
118	5	102	11
119	5	103	11
120	6	104	11
121	7	105	11
122	1	106	12
123	1	107	12
124	1	108	12
125	2	109	12
126	3	110	12
127	4	111	12
128	4	112	12
129	5	113	12
130	6	114	12
131	7	115	12
132	1	116	13
133	1	117	13
134	1	118	13
135	2	36	13
136	3	37	13
137	4	36	13
138	4	119	13
139	5	38	13
140	6	39	13
141	7	40	13
142	1	120	14
143	1	121	14
144	1	122	14
145	2	123	14
146	3	124	14
147	4	123	14
148	5	125	14
149	6	126	14
150	7	127	14
151	1	69	15
152	1	128	15
153	1	71	15
154	2	72	15
155	3	72	15
156	4	73	15
157	4	74	15
158	4	75	15
159	4	72	15
160	5	76	15
161	6	77	15
162	7	129	15
163	1	130	16
164	1	131	16
165	1	107	16
166	2	132	16
167	3	133	16
168	4	134	16
169	4	135	16
170	5	136	16
171	7	137	16
172	1	69	17
173	1	128	17
174	1	70	17
175	2	72	17
176	3	72	17
177	4	73	17
178	4	74	17
179	4	75	17
180	4	138	17
181	4	72	17
182	5	76	17
183	6	77	17
184	7	139	17
185	1	140	18
186	1	141	18
187	1	142	18
188	2	143	18
189	3	144	18
190	4	143	18
191	4	140	18
192	5	145	18
193	6	146	18
194	6	147	18
195	6	148	18
196	7	149	18
197	1	150	19
198	1	151	19
199	1	152	19
200	2	153	19
201	3	154	19
202	4	155	19
203	4	153	19
204	4	156	19
205	4	157	19
206	4	158	19
207	4	159	19
208	5	160	19
209	6	94	19
210	7	161	19
211	7	162	19
212	1	163	20
213	1	164	20
214	1	165	20
215	2	166	20
216	4	167	20
217	4	166	20
218	4	168	20
219	5	169	20
220	5	170	20
221	6	171	20
222	7	172	20
223	1	173	21
224	1	174	21
225	1	175	21
226	2	176	21
227	4	177	21
228	4	178	21
229	5	179	21
230	6	180	21
231	7	181	21
232	1	130	22
233	1	182	22
234	1	183	22
235	2	44	22
236	3	44	22
237	4	44	22
238	5	184	22
239	6	47	22
240	7	48	22
241	1	185	23
242	1	186	23
243	1	187	23
244	2	188	23
245	3	189	23
246	4	188	23
247	4	190	23
248	5	191	23
249	6	192	23
250	7	193	23
251	7	194	23
252	7	195	23
253	7	196	23
254	1	163	24
255	1	164	24
256	1	197	24
257	2	166	24
258	4	167	24
259	4	198	24
260	4	199	24
261	5	168	24
262	6	171	24
263	1	41	25
264	1	200	25
265	1	201	25
266	2	202	25
267	3	203	25
268	4	202	25
269	4	204	25
270	4	205	25
271	4	206	25
272	5	207	25
273	6	208	25
274	7	209	25
275	7	210	25
276	1	130	26
277	1	1	26
278	1	211	26
279	2	109	26
280	3	212	26
281	4	213	26
282	4	214	26
283	4	215	26
284	5	113	26
285	6	114	26
286	7	115	26
287	1	70	27
288	1	216	27
289	1	217	27
290	2	218	27
291	3	219	27
292	4	220	27
293	4	221	27
294	4	218	27
295	5	222	27
296	6	223	27
297	7	224	27
298	1	225	28
299	1	226	28
300	1	227	28
301	2	44	28
302	3	44	28
303	4	45	28
304	4	44	28
305	4	228	28
306	4	229	28
307	5	184	28
308	6	230	28
309	6	47	28
310	7	48	28
311	1	231	29
312	1	232	29
313	1	233	29
314	2	234	29
315	4	235	29
316	5	236	29
317	6	237	29
318	7	238	29
319	1	79	30
320	1	80	30
321	1	81	30
322	2	82	30
323	3	239	30
324	4	84	30
325	4	82	30
326	4	87	30
327	4	240	30
328	4	241	30
329	4	89	30
330	4	242	30
331	4	92	30
332	4	90	30
333	4	243	30
334	4	91	30
335	4	85	30
336	4	86	30
337	4	88	30
338	6	93	30
339	7	244	30
340	7	95	30
341	1	245	31
342	1	246	31
343	1	247	31
344	2	248	31
345	3	249	31
346	4	250	31
347	4	251	31
348	5	252	31
349	5	253	31
350	6	254	31
351	7	255	31
352	1	256	32
353	1	257	32
354	1	50	32
355	2	202	32
356	3	258	32
357	4	202	32
358	5	259	32
359	6	260	32
360	7	261	32
361	1	262	33
362	1	263	33
363	1	264	33
364	2	265	33
365	3	266	33
366	4	265	33
367	4	267	33
368	4	268	33
369	4	269	33
370	5	270	33
371	5	271	33
372	6	272	33
373	7	273	33
374	7	265	33
375	1	274	34
376	1	275	34
377	1	276	34
378	2	277	34
379	3	278	34
380	4	279	34
381	4	280	34
382	4	281	34
383	4	282	34
384	4	283	34
385	4	284	34
386	4	285	34
387	4	286	34
388	4	287	34
389	4	288	34
390	4	289	34
391	4	290	34
392	4	156	34
393	4	291	34
394	4	292	34
395	4	293	34
396	4	294	34
397	4	295	34
398	4	296	34
399	4	297	34
400	4	298	34
401	4	299	34
402	4	300	34
403	4	301	34
404	4	302	34
405	4	303	34
406	4	304	34
407	4	305	34
408	4	306	34
409	6	47	34
410	7	307	34
411	1	308	35
412	1	309	35
413	1	310	35
414	2	311	35
415	3	312	35
416	4	311	35
417	5	313	35
418	6	314	35
419	7	315	35
420	1	316	36
421	1	317	36
422	1	318	36
423	2	36	36
424	3	319	36
425	4	36	36
426	5	320	36
427	6	39	36
428	7	40	36
429	1	321	37
430	1	322	37
431	1	323	37
432	2	21	37
433	3	324	37
434	4	21	37
435	4	325	37
436	5	326	37
437	6	26	37
438	7	327	37
439	7	27	37
440	1	328	38
441	1	329	38
442	1	330	38
443	2	331	38
444	4	332	38
445	4	101	38
446	5	333	38
447	6	171	38
448	7	334	38
449	1	335	39
450	1	336	39
451	1	337	39
452	2	338	39
453	4	338	39
454	4	339	39
455	5	340	39
456	6	341	39
457	7	342	39
458	1	308	40
459	1	309	40
460	1	343	40
461	2	311	40
462	3	344	40
463	4	311	40
464	5	313	40
465	6	314	40
466	7	315	40
\.


--
-- Data for Name: review; Type: TABLE DATA; Schema: public; Owner: kinoskop_admin
--

COPY public.review (id, user_id, content_id, title, text, content_rating, created_at, updated_at) FROM stdin;
\.


--
-- Data for Name: review_like; Type: TABLE DATA; Schema: public; Owner: kinoskop_admin
--

COPY public.review_like (review_id, user_id, value, updated_at) FROM stdin;
\.


--
-- Data for Name: role; Type: TABLE DATA; Schema: public; Owner: kinoskop_admin
--

COPY public.role (id, name) FROM stdin;
1	actor
2	director
3	producer
4	writer
5	operator
6	composer
7	editor
\.


--
-- Data for Name: season; Type: TABLE DATA; Schema: public; Owner: kinoskop_admin
--

COPY public.season (id, series_id, year_start, year_end) FROM stdin;
\.


--
-- Data for Name: series; Type: TABLE DATA; Schema: public; Owner: kinoskop_admin
--

COPY public.series (id, year_start, year_end, content_id) FROM stdin;
\.


--
-- Data for Name: static; Type: TABLE DATA; Schema: public; Owner: kinoskop_admin
--

COPY public.static (id, name, path, created_at) FROM stdin;
1	435.jpg	posters	2024-04-10 05:55:33.762787
2	9144.jpg	persons	2024-04-10 05:55:33.843078
3	12759.jpg	persons	2024-04-10 05:55:33.852071
4	22527.jpg	persons	2024-04-10 05:55:33.852961
5	24262.jpg	persons	2024-04-10 05:55:33.859135
6	24263.jpg	persons	2024-04-10 05:55:33.859923
7	609246.jpg	persons	2024-04-10 05:55:33.860687
8	608629.jpg	persons	2024-04-10 05:55:33.86447
9	1986116.jpg	persons	2024-04-10 05:55:33.86939
10	535341.jpg	posters	2024-04-10 05:55:33.892183
11	71427.jpg	persons	2024-04-10 05:55:33.89961
12	41644.jpg	persons	2024-04-10 05:55:33.904351
13	57174.jpg	persons	2024-04-10 05:55:33.908946
14	382906.jpg	persons	2024-04-10 05:55:33.910061
15	2402288.jpg	persons	2024-04-10 05:55:33.911668
16	426346.jpg	persons	2024-04-10 05:55:33.912419
17	3152842.jpg	persons	2024-04-10 05:55:33.913346
18	634036.jpg	persons	2024-04-10 05:55:33.914284
19	590648.jpg	persons	2024-04-10 05:55:33.915094
20	1987674.jpg	persons	2024-04-10 05:55:33.915755
21	448.jpg	posters	2024-04-10 05:55:33.921172
22	8887.jpg	persons	2024-04-10 05:55:33.925759
23	13477.jpg	persons	2024-04-10 05:55:33.926444
24	2435.jpg	persons	2024-04-10 05:55:33.927104
25	44201.jpg	persons	2024-04-10 05:55:33.927812
26	7957.jpg	persons	2024-04-10 05:55:33.928604
27	512.jpg	persons	2024-04-10 05:55:33.929658
28	85510.jpg	persons	2024-04-10 05:55:33.93104
29	553348.jpg	persons	2024-04-10 05:55:33.931701
30	722591.jpg	persons	2024-04-10 05:55:33.93243
31	326.jpg	posters	2024-04-10 05:55:33.936889
32	7987.jpg	persons	2024-04-10 05:55:33.939299
33	6750.jpg	persons	2024-04-10 05:55:33.93994
34	23481.jpg	persons	2024-04-10 05:55:33.940851
35	102292.jpg	persons	2024-04-10 05:55:33.941482
36	258609.jpg	persons	2024-04-10 05:55:33.942174
37	370.jpg	posters	2024-04-10 05:55:33.946793
38	47756.jpg	persons	2024-04-10 05:55:33.950891
39	47758.jpg	persons	2024-04-10 05:55:33.951527
40	47761.jpg	persons	2024-04-10 05:55:33.95213
41	47753.jpg	persons	2024-04-10 05:55:33.952738
42	47779.jpg	persons	2024-04-10 05:55:33.953474
43	281853.jpg	persons	2024-04-10 05:55:33.954267
44	281851.jpg	persons	2024-04-10 05:55:33.954903
45	2000494.jpg	persons	2024-04-10 05:55:33.955558
46	258687.jpg	posters	2024-04-10 05:55:33.959403
47	797.jpg	persons	2024-04-10 05:55:33.96297
48	38703.jpg	persons	2024-04-10 05:55:33.964254
49	1111242.jpg	persons	2024-04-10 05:55:33.965381
50	41477.jpg	persons	2024-04-10 05:55:33.966068
51	55539.jpg	persons	2024-04-10 05:55:33.966715
52	758887.jpg	persons	2024-04-10 05:55:33.967491
53	50590.jpg	persons	2024-04-10 05:55:33.96823
54	2354627.jpg	persons	2024-04-10 05:55:33.9691
55	361.jpg	posters	2024-04-10 05:55:33.975338
56	25774.jpg	persons	2024-04-10 05:55:33.97874
57	25584.jpg	persons	2024-04-10 05:55:33.979374
58	25775.jpg	persons	2024-04-10 05:55:33.979982
59	2944.jpg	persons	2024-04-10 05:55:33.981201
60	25810.jpg	persons	2024-04-10 05:55:33.981915
61	25772.jpg	persons	2024-04-10 05:55:33.982539
62	25773.jpg	persons	2024-04-10 05:55:33.983182
63	608712.jpg	persons	2024-04-10 05:55:33.983795
64	910705.jpg	persons	2024-04-10 05:55:33.984455
65	608710.jpg	persons	2024-04-10 05:55:33.985044
66	608711.jpg	persons	2024-04-10 05:55:33.985645
67	1986744.jpg	persons	2024-04-10 05:55:33.986236
68	342.jpg	posters	2024-04-10 05:55:33.99704
69	6479.jpg	persons	2024-04-10 05:55:34.003615
70	7164.jpg	persons	2024-04-10 05:55:34.004708
71	110.jpg	persons	2024-04-10 05:55:34.006691
72	7640.jpg	persons	2024-04-10 05:55:34.007844
73	26107.jpg	persons	2024-04-10 05:55:34.009782
74	17501.jpg	persons	2024-04-10 05:55:34.010431
75	44288.jpg	persons	2024-04-10 05:55:34.01404
76	55970.jpg	persons	2024-04-10 05:55:34.014761
77	3498.jpg	posters	2024-04-10 05:55:34.021033
78	20287.jpg	persons	2024-04-10 05:55:34.032556
79	10779.jpg	persons	2024-04-10 05:55:34.033262
80	28426.jpg	persons	2024-04-10 05:55:34.034317
81	32383.jpg	persons	2024-04-10 05:55:34.034971
82	32384.jpg	persons	2024-04-10 05:55:34.035612
83	32385.jpg	persons	2024-04-10 05:55:34.03655
84	32386.jpg	persons	2024-04-10 05:55:34.037199
85	225142.jpg	persons	2024-04-10 05:55:34.037917
86	142716.jpg	persons	2024-04-10 05:55:34.038808
87	41166.jpg	persons	2024-04-10 05:55:34.041892
88	430.jpg	posters	2024-04-10 05:55:34.047053
89	22613.jpg	persons	2024-04-10 05:55:34.051709
90	25674.jpg	persons	2024-04-10 05:55:34.052383
91	9836.jpg	persons	2024-04-10 05:55:34.053073
92	47247.jpg	persons	2024-04-10 05:55:34.053916
93	30489.jpg	persons	2024-04-10 05:55:34.054729
94	47248.jpg	persons	2024-04-10 05:55:34.055425
95	30871.jpg	persons	2024-04-10 05:55:34.056208
96	30872.jpg	persons	2024-04-10 05:55:34.057001
97	47249.jpg	persons	2024-04-10 05:55:34.058586
98	31585.jpg	persons	2024-04-10 05:55:34.059261
99	47250.jpg	persons	2024-04-10 05:55:34.060297
100	1939803.jpg	persons	2024-04-10 05:55:34.060936
101	30486.jpg	persons	2024-04-10 05:55:34.061576
102	3958619.jpg	persons	2024-04-10 05:55:34.063073
103	608582.jpg	persons	2024-04-10 05:55:34.063741
104	608606.jpg	persons	2024-04-10 05:55:34.064614
105	608810.jpg	persons	2024-04-10 05:55:34.065245
106	42664.jpg	posters	2024-04-10 05:55:34.071922
107	284624.jpg	persons	2024-04-10 05:55:34.075144
108	25269.jpg	persons	2024-04-10 05:55:34.076168
109	185644.jpg	persons	2024-04-10 05:55:34.07758
110	191587.jpg	persons	2024-04-10 05:55:34.078218
111	284597.jpg	persons	2024-04-10 05:55:34.078871
112	266079.jpg	persons	2024-04-10 05:55:34.079619
113	303845.jpg	persons	2024-04-10 05:55:34.080311
114	268166.jpg	persons	2024-04-10 05:55:34.081017
115	191608.jpg	persons	2024-04-10 05:55:34.081655
116	2001177.jpg	persons	2024-04-10 05:55:34.082371
117	329.jpg	posters	2024-04-10 05:55:34.087636
118	6534.jpg	persons	2024-04-10 05:55:34.090646
119	6846.jpg	persons	2024-04-10 05:55:34.091355
120	22670.jpg	persons	2024-04-10 05:55:34.092128
121	22260.jpg	persons	2024-04-10 05:55:34.092738
122	277116.jpg	persons	2024-04-10 05:55:34.093363
123	251903.jpg	persons	2024-04-10 05:55:34.094011
124	41493.jpg	persons	2024-04-10 05:55:34.094854
125	9326.jpg	persons	2024-04-10 05:55:34.095712
126	225027.jpg	persons	2024-04-10 05:55:34.096554
127	172398.jpg	persons	2024-04-10 05:55:34.0974
128	49684.jpg	posters	2024-04-10 05:55:34.101981
129	321406.jpg	persons	2024-04-10 05:55:34.106146
130	226483.jpg	persons	2024-04-10 05:55:34.106939
131	76296.jpg	persons	2024-04-10 05:55:34.107724
132	390184.jpg	persons	2024-04-10 05:55:34.108532
133	389.jpg	posters	2024-04-10 05:55:34.112951
134	11505.jpg	persons	2024-04-10 05:55:34.116789
135	24285.jpg	persons	2024-04-10 05:55:34.117434
136	6650.jpg	persons	2024-04-10 05:55:34.118247
137	24505.jpg	persons	2024-04-10 05:55:34.118921
138	102618.jpg	persons	2024-04-10 05:55:34.120372
139	314212.jpg	persons	2024-04-10 05:55:34.121082
140	154741.jpg	persons	2024-04-10 05:55:34.121745
141	1477568.jpg	persons	2024-04-10 05:55:34.122553
142	328.jpg	posters	2024-04-10 05:55:34.127095
143	8215.jpg	persons	2024-04-10 05:55:34.130794
144	537276.jpg	persons	2024-04-10 05:55:34.131492
145	397667.jpg	posters	2024-04-10 05:55:34.136845
146	37859.jpg	persons	2024-04-10 05:55:34.139575
147	10467.jpg	persons	2024-04-10 05:55:34.140223
148	10988.jpg	persons	2024-04-10 05:55:34.140917
149	32667.jpg	persons	2024-04-10 05:55:34.141526
150	482920.jpg	persons	2024-04-10 05:55:34.142204
151	30243.jpg	persons	2024-04-10 05:55:34.142811
152	74952.jpg	persons	2024-04-10 05:55:34.14418
153	318813.jpg	persons	2024-04-10 05:55:34.144822
154	312.jpg	posters	2024-04-10 05:55:34.148493
155	41147.jpg	persons	2024-04-10 05:55:34.152061
156	1995795.jpg	persons	2024-04-10 05:55:34.152706
157	32898.jpg	posters	2024-04-10 05:55:34.163165
158	26503.jpg	persons	2024-04-10 05:55:34.168624
159	83087.jpg	persons	2024-04-10 05:55:34.171523
160	83088.jpg	persons	2024-04-10 05:55:34.172396
161	83086.jpg	persons	2024-04-10 05:55:34.173414
162	2185.jpg	persons	2024-04-10 05:55:34.174931
163	616281.jpg	persons	2024-04-10 05:55:34.17563
164	632686.jpg	persons	2024-04-10 05:55:34.176401
165	632687.jpg	persons	2024-04-10 05:55:34.177244
166	632688.jpg	persons	2024-04-10 05:55:34.180777
167	258848.jpg	persons	2024-04-10 05:55:34.181495
168	280172.jpg	posters	2024-04-10 05:55:34.197311
169	7247.jpg	persons	2024-04-10 05:55:34.205384
170	12086.jpg	persons	2024-04-10 05:55:34.208706
171	2781.jpg	persons	2024-04-10 05:55:34.210736
172	39365.jpg	persons	2024-04-10 05:55:34.211411
173	21223.jpg	persons	2024-04-10 05:55:34.214152
174	17114.jpg	persons	2024-04-10 05:55:34.214742
175	39366.jpg	persons	2024-04-10 05:55:34.217155
176	1451038.jpg	persons	2024-04-10 05:55:34.217959
177	49236.jpg	persons	2024-04-10 05:55:34.22034
178	78366.jpg	persons	2024-04-10 05:55:34.221587
179	4737736.jpg	persons	2024-04-10 05:55:34.222337
180	663732.jpg	persons	2024-04-10 05:55:34.222939
181	1986101.jpg	persons	2024-04-10 05:55:34.223663
182	77263.jpg	posters	2024-04-10 05:55:34.246711
183	266224.jpg	persons	2024-04-10 05:55:34.250666
184	174122.jpg	persons	2024-04-10 05:55:34.251894
185	101749.jpg	persons	2024-04-10 05:55:34.253167
186	284219.jpg	persons	2024-04-10 05:55:34.255275
187	70084.jpg	persons	2024-04-10 05:55:34.256542
188	281143.jpg	persons	2024-04-10 05:55:34.25839
189	245658.jpg	persons	2024-04-10 05:55:34.259527
190	162629.jpg	persons	2024-04-10 05:55:34.26061
191	277575.jpg	persons	2024-04-10 05:55:34.261563
192	2001366.jpg	persons	2024-04-10 05:55:34.262469
193	44386.jpg	posters	2024-04-10 05:55:34.271406
194	343964.jpg	persons	2024-04-10 05:55:34.283339
195	179092.jpg	persons	2024-04-10 05:55:34.284399
196	304207.jpg	persons	2024-04-10 05:55:34.285792
197	315892.jpg	persons	2024-04-10 05:55:34.286951
198	174225.jpg	persons	2024-04-10 05:55:34.287989
199	238572.jpg	persons	2024-04-10 05:55:34.289003
200	315743.jpg	persons	2024-04-10 05:55:34.289917
201	290476.jpg	persons	2024-04-10 05:55:34.291057
202	2000303.jpg	persons	2024-04-10 05:55:34.29192
203	447301.jpg	posters	2024-04-10 05:55:34.297066
204	9867.jpg	persons	2024-04-10 05:55:34.301631
205	43503.jpg	persons	2024-04-10 05:55:34.302517
206	608613.jpg	persons	2024-04-10 05:55:34.303966
207	444.jpg	posters	2024-04-10 05:55:34.3089
208	6264.jpg	persons	2024-04-10 05:55:34.312647
209	28012.jpg	persons	2024-04-10 05:55:34.314985
210	9275.jpg	persons	2024-04-10 05:55:34.315802
211	27977.jpg	persons	2024-04-10 05:55:34.316667
212	29891.jpg	persons	2024-04-10 05:55:34.317503
213	20954.jpg	persons	2024-04-10 05:55:34.318417
214	608127.jpg	persons	2024-04-10 05:55:34.319333
215	608126.jpg	persons	2024-04-10 05:55:34.320437
216	603677.jpg	persons	2024-04-10 05:55:34.321458
217	28693.jpg	persons	2024-04-10 05:55:34.322312
218	137722.jpg	persons	2024-04-10 05:55:34.32336
219	136279.jpg	persons	2024-04-10 05:55:34.324242
220	77269.jpg	posters	2024-04-10 05:55:34.334813
221	307742.jpg	persons	2024-04-10 05:55:34.338276
222	310439.jpg	persons	2024-04-10 05:55:34.33919
223	257009.jpg	persons	2024-04-10 05:55:34.340078
224	1143242.jpg	posters	2024-04-10 05:55:34.345048
225	38702.jpg	persons	2024-04-10 05:55:34.349563
226	4950097.jpg	persons	2024-04-10 05:55:34.350426
227	45159.jpg	persons	2024-04-10 05:55:34.351261
228	6032456.jpg	persons	2024-04-10 05:55:34.352146
229	4984694.jpg	persons	2024-04-10 05:55:34.353301
230	1910756.jpg	persons	2024-04-10 05:55:34.354097
231	1266524.jpg	persons	2024-04-10 05:55:34.354932
232	643927.jpg	persons	2024-04-10 05:55:34.355753
233	3604626.jpg	persons	2024-04-10 05:55:34.356897
234	1987046.jpg	persons	2024-04-10 05:55:34.357898
235	1986047.jpg	persons	2024-04-10 05:55:34.358742
236	324.jpg	posters	2024-04-10 05:55:34.366542
237	12635.jpg	persons	2024-04-10 05:55:34.370544
238	37946.jpg	persons	2024-04-10 05:55:34.371398
239	37856.jpg	persons	2024-04-10 05:55:34.372237
240	37857.jpg	persons	2024-04-10 05:55:34.373041
241	37858.jpg	persons	2024-04-10 05:55:34.373904
242	1108577.jpg	posters	2024-04-10 05:55:34.379745
243	542248.jpg	persons	2024-04-10 05:55:34.384186
244	27320.jpg	persons	2024-04-10 05:55:34.384848
245	6139.jpg	persons	2024-04-10 05:55:34.385523
246	2627.jpg	persons	2024-04-10 05:55:34.386717
247	10554.jpg	persons	2024-04-10 05:55:34.387398
248	6171.jpg	persons	2024-04-10 05:55:34.388257
249	1094819.jpg	persons	2024-04-10 05:55:34.389099
250	2264128.jpg	persons	2024-04-10 05:55:34.39
251	2008546.jpg	persons	2024-04-10 05:55:34.390821
252	111543.jpg	posters	2024-04-10 05:55:34.396315
253	21495.jpg	persons	2024-04-10 05:55:34.399797
254	1183.jpg	persons	2024-04-10 05:55:34.400713
255	6752.jpg	persons	2024-04-10 05:55:34.401349
256	8013.jpg	persons	2024-04-10 05:55:34.402006
257	75829.jpg	persons	2024-04-10 05:55:34.402679
258	542462.jpg	persons	2024-04-10 05:55:34.403305
259	46708.jpg	posters	2024-04-10 05:55:34.408479
260	174285.jpg	persons	2024-04-10 05:55:34.411131
261	174286.jpg	persons	2024-04-10 05:55:34.411716
262	174287.jpg	persons	2024-04-10 05:55:34.412687
263	174283.jpg	persons	2024-04-10 05:55:34.413281
264	174284.jpg	persons	2024-04-10 05:55:34.413918
265	174339.jpg	persons	2024-04-10 05:55:34.41456
266	174320.jpg	persons	2024-04-10 05:55:34.415768
267	174340.jpg	persons	2024-04-10 05:55:34.416452
268	5273.jpg	posters	2024-04-10 05:55:34.423907
269	47281.jpg	persons	2024-04-10 05:55:34.430589
270	8822.jpg	persons	2024-04-10 05:55:34.431239
271	8821.jpg	persons	2024-04-10 05:55:34.43184
272	617364.jpg	persons	2024-04-10 05:55:34.432408
273	1048561.jpg	persons	2024-04-10 05:55:34.432977
274	2010411.jpg	persons	2024-04-10 05:55:34.433753
275	387556.jpg	posters	2024-04-10 05:55:34.443353
276	21822.jpg	persons	2024-04-10 05:55:34.448088
277	6651.jpg	persons	2024-04-10 05:55:34.448754
278	7112.jpg	persons	2024-04-10 05:55:34.449646
279	6221.jpg	persons	2024-04-10 05:55:34.450277
280	34558.jpg	persons	2024-04-10 05:55:34.450839
281	1090841.jpg	persons	2024-04-10 05:55:34.451389
282	300848.jpg	persons	2024-04-10 05:55:34.452015
283	612908.jpg	persons	2024-04-10 05:55:34.453157
284	652041.jpg	persons	2024-04-10 05:55:34.45385
285	277757.jpg	persons	2024-04-10 05:55:34.454437
286	859480.jpg	persons	2024-04-10 05:55:34.455125
287	526.jpg	posters	2024-04-10 05:55:34.459605
288	1514.jpg	persons	2024-04-10 05:55:34.464255
289	223.jpg	persons	2024-04-10 05:55:34.465927
290	45173.jpg	persons	2024-04-10 05:55:34.467057
291	65032.jpg	persons	2024-04-10 05:55:34.468348
292	609684.jpg	persons	2024-04-10 05:55:34.469876
293	1617739.jpg	persons	2024-04-10 05:55:34.471451
294	679486.jpg	posters	2024-04-10 05:55:34.476881
295	3229588.jpg	persons	2024-04-10 05:55:34.485841
296	44234.jpg	persons	2024-04-10 05:55:34.490844
297	2803.jpg	persons	2024-04-10 05:55:34.491608
298	23949.jpg	persons	2024-04-10 05:55:34.492267
299	50573.jpg	persons	2024-04-10 05:55:34.492905
300	65210.jpg	persons	2024-04-10 05:55:34.493489
301	383137.jpg	persons	2024-04-10 05:55:34.494125
302	4376631.jpg	persons	2024-04-10 05:55:34.494784
303	4909780.jpg	persons	2024-04-10 05:55:34.499453
304	4909781.jpg	persons	2024-04-10 05:55:34.500154
305	257568.jpg	persons	2024-04-10 05:55:34.501161
306	2000584.jpg	persons	2024-04-10 05:55:34.501813
307	2360.jpg	posters	2024-04-10 05:55:34.516901
308	10968.jpg	persons	2024-04-10 05:55:34.520825
309	33061.jpg	persons	2024-04-10 05:55:34.521669
310	6463.jpg	persons	2024-04-10 05:55:34.522349
311	7313.jpg	persons	2024-04-10 05:55:34.523024
312	198.jpg	persons	2024-04-10 05:55:34.523675
313	29095.jpg	persons	2024-04-10 05:55:34.524326
314	50554.jpg	persons	2024-04-10 05:55:34.525046
315	102637.jpg	persons	2024-04-10 05:55:34.525753
316	122461.jpg	persons	2024-04-10 05:55:34.526459
317	75633.jpg	persons	2024-04-10 05:55:34.527119
318	37018.jpg	persons	2024-04-10 05:55:34.527942
319	9892.jpg	persons	2024-04-10 05:55:34.52869
320	306717.jpg	persons	2024-04-10 05:55:34.529317
321	173.jpg	persons	2024-04-10 05:55:34.529903
322	519140.jpg	persons	2024-04-10 05:55:34.530536
323	122460.jpg	persons	2024-04-10 05:55:34.533063
324	65211.jpg	persons	2024-04-10 05:55:34.534093
325	37020.jpg	persons	2024-04-10 05:55:34.534682
326	85444.jpg	persons	2024-04-10 05:55:34.535298
327	23960.jpg	persons	2024-04-10 05:55:34.535952
328	519141.jpg	persons	2024-04-10 05:55:34.536582
329	414588.jpg	persons	2024-04-10 05:55:34.537238
330	29089.jpg	persons	2024-04-10 05:55:34.537859
331	60251.jpg	persons	2024-04-10 05:55:34.538547
332	542686.jpg	persons	2024-04-10 05:55:34.539391
333	140355.jpg	persons	2024-04-10 05:55:34.540062
334	94516.jpg	persons	2024-04-10 05:55:34.540706
335	547651.jpg	persons	2024-04-10 05:55:34.541593
336	10821.jpg	persons	2024-04-10 05:55:34.542245
337	46158.jpg	persons	2024-04-10 05:55:34.543102
338	174.jpg	persons	2024-04-10 05:55:34.543766
339	10822.jpg	persons	2024-04-10 05:55:34.544625
340	122457.jpg	persons	2024-04-10 05:55:34.545434
341	2009821.jpg	persons	2024-04-10 05:55:34.5463
342	41519.jpg	posters	2024-04-10 05:55:34.559218
343	25250.jpg	persons	2024-04-10 05:55:34.561909
344	64253.jpg	persons	2024-04-10 05:55:34.562561
345	75864.jpg	persons	2024-04-10 05:55:34.563196
346	64249.jpg	persons	2024-04-10 05:55:34.563819
347	39446.jpg	persons	2024-04-10 05:55:34.56442
348	75880.jpg	persons	2024-04-10 05:55:34.566207
349	75867.jpg	persons	2024-04-10 05:55:34.567021
350	2004973.jpg	persons	2024-04-10 05:55:34.567642
351	8221.jpg	posters	2024-04-10 05:55:34.57129
352	141278.jpg	persons	2024-04-10 05:55:34.574356
353	99807.jpg	persons	2024-04-10 05:55:34.575188
354	141277.jpg	persons	2024-04-10 05:55:34.575837
355	141276.jpg	persons	2024-04-10 05:55:34.576482
356	620254.jpg	persons	2024-04-10 05:55:34.57901
357	476.jpg	posters	2024-04-10 05:55:34.583189
358	181.jpg	persons	2024-04-10 05:55:34.585936
359	3514.jpg	persons	2024-04-10 05:55:34.586627
360	77429.jpg	persons	2024-04-10 05:55:34.587287
361	12631.jpg	persons	2024-04-10 05:55:34.587908
362	87813.jpg	persons	2024-04-10 05:55:34.588589
363	101732.jpg	persons	2024-04-10 05:55:34.589259
364	886881.jpg	persons	2024-04-10 05:55:34.591326
365	77335.jpg	posters	2024-04-10 05:55:34.595748
366	190105.jpg	persons	2024-04-10 05:55:34.600906
367	277309.jpg	persons	2024-04-10 05:55:34.601563
368	238577.jpg	persons	2024-04-10 05:55:34.60227
369	256810.jpg	persons	2024-04-10 05:55:34.60292
370	256811.jpg	persons	2024-04-10 05:55:34.603598
371	284179.jpg	persons	2024-04-10 05:55:34.604735
372	1994086.jpg	persons	2024-04-10 05:55:34.605416
373	43395.jpg	posters	2024-04-10 05:55:34.608764
374	102363.jpg	persons	2024-04-10 05:55:34.611244
375	331485.jpg	persons	2024-04-10 05:55:34.612204
376	224394.jpg	persons	2024-04-10 05:55:34.613013
377	290395.jpg	persons	2024-04-10 05:55:34.613823
378	281314.jpg	persons	2024-04-10 05:55:34.614399
379	190120.jpg	persons	2024-04-10 05:55:34.615051
380	325706.jpg	persons	2024-04-10 05:55:34.615632
381	1998754.jpg	persons	2024-04-10 05:55:34.616205
382	41520.jpg	posters	2024-04-10 05:55:34.619778
383	64250.jpg	persons	2024-04-10 05:55:34.622701
384	159663.jpg	persons	2024-04-10 05:55:34.623622
385	fire.png	compilation_posters	2024-04-10 05:55:34.641317
386	night.png	compilation_posters	2024-04-10 05:55:34.648748
387	cartoon.png	compilation_posters	2024-04-10 05:55:34.654397
388	drama.png	compilation_posters	2024-04-10 05:55:34.656544
389	russia.png	compilation_posters	2024-04-10 05:55:34.65792
390	modern.png	compilation_posters	2024-04-10 05:55:34.6611
\.


--
-- Data for Name: users; Type: TABLE DATA; Schema: public; Owner: kinoskop_admin
--

COPY public.users (id, name, email, password_hashed, salt_password, avatar_upload_id, created_at, updated_at) FROM stdin;
\.


--
-- Name: compilation_id_seq; Type: SEQUENCE SET; Schema: public; Owner: kinoskop_admin
--

SELECT pg_catalog.setval('public.compilation_id_seq', 6, true);


--
-- Name: compilation_type_id_seq; Type: SEQUENCE SET; Schema: public; Owner: kinoskop_admin
--

SELECT pg_catalog.setval('public.compilation_type_id_seq', 3, true);


--
-- Name: content_id_seq; Type: SEQUENCE SET; Schema: public; Owner: kinoskop_admin
--

SELECT pg_catalog.setval('public.content_id_seq', 40, true);


--
-- Name: content_type_id_seq; Type: SEQUENCE SET; Schema: public; Owner: kinoskop_admin
--

SELECT pg_catalog.setval('public.content_type_id_seq', 40, true);


--
-- Name: country_id_seq; Type: SEQUENCE SET; Schema: public; Owner: kinoskop_admin
--

SELECT pg_catalog.setval('public.country_id_seq', 249, true);


--
-- Name: episode_id_seq; Type: SEQUENCE SET; Schema: public; Owner: kinoskop_admin
--

SELECT pg_catalog.setval('public.episode_id_seq', 1, false);


--
-- Name: genre_id_seq; Type: SEQUENCE SET; Schema: public; Owner: kinoskop_admin
--

SELECT pg_catalog.setval('public.genre_id_seq', 33, true);


--
-- Name: goose_db_version_id_seq; Type: SEQUENCE SET; Schema: public; Owner: kinoskop_admin
--

SELECT pg_catalog.setval('public.goose_db_version_id_seq', 2, true);


--
-- Name: movie_id_seq; Type: SEQUENCE SET; Schema: public; Owner: kinoskop_admin
--

SELECT pg_catalog.setval('public.movie_id_seq', 40, true);


--
-- Name: person_id_seq; Type: SEQUENCE SET; Schema: public; Owner: kinoskop_admin
--

SELECT pg_catalog.setval('public.person_id_seq', 344, true);


--
-- Name: person_role_id_seq; Type: SEQUENCE SET; Schema: public; Owner: kinoskop_admin
--

SELECT pg_catalog.setval('public.person_role_id_seq', 466, true);


--
-- Name: review_id_seq; Type: SEQUENCE SET; Schema: public; Owner: kinoskop_admin
--

SELECT pg_catalog.setval('public.review_id_seq', 1, false);


--
-- Name: role_id_seq; Type: SEQUENCE SET; Schema: public; Owner: kinoskop_admin
--

SELECT pg_catalog.setval('public.role_id_seq', 7, true);


--
-- Name: season_id_seq; Type: SEQUENCE SET; Schema: public; Owner: kinoskop_admin
--

SELECT pg_catalog.setval('public.season_id_seq', 1, false);


--
-- Name: series_id_seq; Type: SEQUENCE SET; Schema: public; Owner: kinoskop_admin
--

SELECT pg_catalog.setval('public.series_id_seq', 1, false);


--
-- Name: static_id_seq; Type: SEQUENCE SET; Schema: public; Owner: kinoskop_admin
--

SELECT pg_catalog.setval('public.static_id_seq', 390, true);


--
-- Name: users_id_seq; Type: SEQUENCE SET; Schema: public; Owner: kinoskop_admin
--

SELECT pg_catalog.setval('public.users_id_seq', 1, false);


--
-- Name: compilation_content compilation_content_unique; Type: CONSTRAINT; Schema: public; Owner: kinoskop_admin
--

ALTER TABLE ONLY public.compilation_content
    ADD CONSTRAINT compilation_content_unique UNIQUE (compilation_id, content_id);


--
-- Name: compilation compilation_pkey; Type: CONSTRAINT; Schema: public; Owner: kinoskop_admin
--

ALTER TABLE ONLY public.compilation
    ADD CONSTRAINT compilation_pkey PRIMARY KEY (id);


--
-- Name: compilation_type compilation_type_pkey; Type: CONSTRAINT; Schema: public; Owner: kinoskop_admin
--

ALTER TABLE ONLY public.compilation_type
    ADD CONSTRAINT compilation_type_pkey PRIMARY KEY (id);


--
-- Name: compilation_type compilation_type_type_key; Type: CONSTRAINT; Schema: public; Owner: kinoskop_admin
--

ALTER TABLE ONLY public.compilation_type
    ADD CONSTRAINT compilation_type_type_key UNIQUE (type);


--
-- Name: compilation compilation_type_unique; Type: CONSTRAINT; Schema: public; Owner: kinoskop_admin
--

ALTER TABLE ONLY public.compilation
    ADD CONSTRAINT compilation_type_unique UNIQUE (id, compilation_type_id);


--
-- Name: content content_pkey; Type: CONSTRAINT; Schema: public; Owner: kinoskop_admin
--

ALTER TABLE ONLY public.content
    ADD CONSTRAINT content_pkey PRIMARY KEY (id);


--
-- Name: content_type content_type_pkey; Type: CONSTRAINT; Schema: public; Owner: kinoskop_admin
--

ALTER TABLE ONLY public.content_type
    ADD CONSTRAINT content_type_pkey PRIMARY KEY (id);


--
-- Name: country_content country_content_unique; Type: CONSTRAINT; Schema: public; Owner: kinoskop_admin
--

ALTER TABLE ONLY public.country_content
    ADD CONSTRAINT country_content_unique UNIQUE (country_id, content_id);


--
-- Name: country country_name_key; Type: CONSTRAINT; Schema: public; Owner: kinoskop_admin
--

ALTER TABLE ONLY public.country
    ADD CONSTRAINT country_name_key UNIQUE (name);


--
-- Name: country country_pkey; Type: CONSTRAINT; Schema: public; Owner: kinoskop_admin
--

ALTER TABLE ONLY public.country
    ADD CONSTRAINT country_pkey PRIMARY KEY (id);


--
-- Name: episode episode_pkey; Type: CONSTRAINT; Schema: public; Owner: kinoskop_admin
--

ALTER TABLE ONLY public.episode
    ADD CONSTRAINT episode_pkey PRIMARY KEY (id);


--
-- Name: genre_content genre_content_unique; Type: CONSTRAINT; Schema: public; Owner: kinoskop_admin
--

ALTER TABLE ONLY public.genre_content
    ADD CONSTRAINT genre_content_unique UNIQUE (genre_id, content_id);


--
-- Name: genre genre_name_key; Type: CONSTRAINT; Schema: public; Owner: kinoskop_admin
--

ALTER TABLE ONLY public.genre
    ADD CONSTRAINT genre_name_key UNIQUE (name);


--
-- Name: genre genre_pkey; Type: CONSTRAINT; Schema: public; Owner: kinoskop_admin
--

ALTER TABLE ONLY public.genre
    ADD CONSTRAINT genre_pkey PRIMARY KEY (id);


--
-- Name: goose_db_version goose_db_version_pkey; Type: CONSTRAINT; Schema: public; Owner: kinoskop_admin
--

ALTER TABLE ONLY public.goose_db_version
    ADD CONSTRAINT goose_db_version_pkey PRIMARY KEY (id);


--
-- Name: movie movie_content_id_key; Type: CONSTRAINT; Schema: public; Owner: kinoskop_admin
--

ALTER TABLE ONLY public.movie
    ADD CONSTRAINT movie_content_id_key UNIQUE (content_id);


--
-- Name: movie movie_pkey; Type: CONSTRAINT; Schema: public; Owner: kinoskop_admin
--

ALTER TABLE ONLY public.movie
    ADD CONSTRAINT movie_pkey PRIMARY KEY (id);


--
-- Name: person person_pkey; Type: CONSTRAINT; Schema: public; Owner: kinoskop_admin
--

ALTER TABLE ONLY public.person
    ADD CONSTRAINT person_pkey PRIMARY KEY (id);


--
-- Name: person_role person_role_pkey; Type: CONSTRAINT; Schema: public; Owner: kinoskop_admin
--

ALTER TABLE ONLY public.person_role
    ADD CONSTRAINT person_role_pkey PRIMARY KEY (id);


--
-- Name: review_like review_likes_unique; Type: CONSTRAINT; Schema: public; Owner: kinoskop_admin
--

ALTER TABLE ONLY public.review_like
    ADD CONSTRAINT review_likes_unique UNIQUE (review_id, user_id);


--
-- Name: review review_pkey; Type: CONSTRAINT; Schema: public; Owner: kinoskop_admin
--

ALTER TABLE ONLY public.review
    ADD CONSTRAINT review_pkey PRIMARY KEY (id);


--
-- Name: role role_name_key; Type: CONSTRAINT; Schema: public; Owner: kinoskop_admin
--

ALTER TABLE ONLY public.role
    ADD CONSTRAINT role_name_key UNIQUE (name);


--
-- Name: role role_pkey; Type: CONSTRAINT; Schema: public; Owner: kinoskop_admin
--

ALTER TABLE ONLY public.role
    ADD CONSTRAINT role_pkey PRIMARY KEY (id);


--
-- Name: person_role role_unique; Type: CONSTRAINT; Schema: public; Owner: kinoskop_admin
--

ALTER TABLE ONLY public.person_role
    ADD CONSTRAINT role_unique UNIQUE (person_id, content_id, role_id);


--
-- Name: season season_pkey; Type: CONSTRAINT; Schema: public; Owner: kinoskop_admin
--

ALTER TABLE ONLY public.season
    ADD CONSTRAINT season_pkey PRIMARY KEY (id);


--
-- Name: series series_pkey; Type: CONSTRAINT; Schema: public; Owner: kinoskop_admin
--

ALTER TABLE ONLY public.series
    ADD CONSTRAINT series_pkey PRIMARY KEY (id);


--
-- Name: static static_pkey; Type: CONSTRAINT; Schema: public; Owner: kinoskop_admin
--

ALTER TABLE ONLY public.static
    ADD CONSTRAINT static_pkey PRIMARY KEY (id);


--
-- Name: review user_content_unique; Type: CONSTRAINT; Schema: public; Owner: kinoskop_admin
--

ALTER TABLE ONLY public.review
    ADD CONSTRAINT user_content_unique UNIQUE (user_id, content_id);


--
-- Name: users users_email_key; Type: CONSTRAINT; Schema: public; Owner: kinoskop_admin
--

ALTER TABLE ONLY public.users
    ADD CONSTRAINT users_email_key UNIQUE (email);


--
-- Name: users users_pkey; Type: CONSTRAINT; Schema: public; Owner: kinoskop_admin
--

ALTER TABLE ONLY public.users
    ADD CONSTRAINT users_pkey PRIMARY KEY (id);


--
-- Name: idx_review_content_id; Type: INDEX; Schema: public; Owner: kinoskop_admin
--

CREATE INDEX idx_review_content_id ON public.review USING btree (content_id);


--
-- Name: idx_review_like_review_id; Type: INDEX; Schema: public; Owner: kinoskop_admin
--

CREATE INDEX idx_review_like_review_id ON public.review_like USING btree (review_id);


--
-- Name: content update_at_content; Type: TRIGGER; Schema: public; Owner: kinoskop_admin
--

CREATE TRIGGER update_at_content BEFORE UPDATE ON public.content FOR EACH ROW EXECUTE FUNCTION public.update_updated_at_column();


--
-- Name: person update_at_person; Type: TRIGGER; Schema: public; Owner: kinoskop_admin
--

CREATE TRIGGER update_at_person BEFORE UPDATE ON public.person FOR EACH ROW EXECUTE FUNCTION public.update_updated_at_column();


--
-- Name: review update_at_review; Type: TRIGGER; Schema: public; Owner: kinoskop_admin
--

CREATE TRIGGER update_at_review BEFORE UPDATE ON public.review FOR EACH ROW EXECUTE FUNCTION public.update_updated_at_column();


--
-- Name: review_like update_at_review_like; Type: TRIGGER; Schema: public; Owner: kinoskop_admin
--

CREATE TRIGGER update_at_review_like BEFORE UPDATE ON public.review_like FOR EACH ROW EXECUTE FUNCTION public.update_updated_at_column();


--
-- Name: users update_at_users; Type: TRIGGER; Schema: public; Owner: kinoskop_admin
--

CREATE TRIGGER update_at_users BEFORE UPDATE ON public.users FOR EACH ROW EXECUTE FUNCTION public.update_updated_at_column();


--
-- Name: compilation compilation_compilation_type_id_fkey; Type: FK CONSTRAINT; Schema: public; Owner: kinoskop_admin
--

ALTER TABLE ONLY public.compilation
    ADD CONSTRAINT compilation_compilation_type_id_fkey FOREIGN KEY (compilation_type_id) REFERENCES public.compilation_type(id) ON DELETE CASCADE;


--
-- Name: compilation_content compilation_content_compilation_id_fkey; Type: FK CONSTRAINT; Schema: public; Owner: kinoskop_admin
--

ALTER TABLE ONLY public.compilation_content
    ADD CONSTRAINT compilation_content_compilation_id_fkey FOREIGN KEY (compilation_id) REFERENCES public.compilation(id) ON DELETE CASCADE;


--
-- Name: compilation_content compilation_content_content_id_fkey; Type: FK CONSTRAINT; Schema: public; Owner: kinoskop_admin
--

ALTER TABLE ONLY public.compilation_content
    ADD CONSTRAINT compilation_content_content_id_fkey FOREIGN KEY (content_id) REFERENCES public.content(id) ON DELETE CASCADE;


--
-- Name: compilation compilation_poster_upload_id_fkey; Type: FK CONSTRAINT; Schema: public; Owner: kinoskop_admin
--

ALTER TABLE ONLY public.compilation
    ADD CONSTRAINT compilation_poster_upload_id_fkey FOREIGN KEY (poster_upload_id) REFERENCES public.static(id) ON DELETE SET NULL;


--
-- Name: content content_poster_upload_id_fkey; Type: FK CONSTRAINT; Schema: public; Owner: kinoskop_admin
--

ALTER TABLE ONLY public.content
    ADD CONSTRAINT content_poster_upload_id_fkey FOREIGN KEY (poster_upload_id) REFERENCES public.static(id) ON DELETE CASCADE;


--
-- Name: content_type content_type_content_id_fkey; Type: FK CONSTRAINT; Schema: public; Owner: kinoskop_admin
--

ALTER TABLE ONLY public.content_type
    ADD CONSTRAINT content_type_content_id_fkey FOREIGN KEY (content_id) REFERENCES public.content(id) ON DELETE CASCADE;


--
-- Name: country_content country_content_content_id_fkey; Type: FK CONSTRAINT; Schema: public; Owner: kinoskop_admin
--

ALTER TABLE ONLY public.country_content
    ADD CONSTRAINT country_content_content_id_fkey FOREIGN KEY (content_id) REFERENCES public.content(id) ON DELETE CASCADE;


--
-- Name: country_content country_content_country_id_fkey; Type: FK CONSTRAINT; Schema: public; Owner: kinoskop_admin
--

ALTER TABLE ONLY public.country_content
    ADD CONSTRAINT country_content_country_id_fkey FOREIGN KEY (country_id) REFERENCES public.country(id) ON DELETE CASCADE;


--
-- Name: episode episode_season_id_fkey; Type: FK CONSTRAINT; Schema: public; Owner: kinoskop_admin
--

ALTER TABLE ONLY public.episode
    ADD CONSTRAINT episode_season_id_fkey FOREIGN KEY (season_id) REFERENCES public.season(id) ON DELETE CASCADE;


--
-- Name: genre_content genre_content_content_id_fkey; Type: FK CONSTRAINT; Schema: public; Owner: kinoskop_admin
--

ALTER TABLE ONLY public.genre_content
    ADD CONSTRAINT genre_content_content_id_fkey FOREIGN KEY (content_id) REFERENCES public.content(id) ON DELETE CASCADE;


--
-- Name: genre_content genre_content_genre_id_fkey; Type: FK CONSTRAINT; Schema: public; Owner: kinoskop_admin
--

ALTER TABLE ONLY public.genre_content
    ADD CONSTRAINT genre_content_genre_id_fkey FOREIGN KEY (genre_id) REFERENCES public.genre(id) ON DELETE CASCADE;


--
-- Name: movie movie_content_id_fkey; Type: FK CONSTRAINT; Schema: public; Owner: kinoskop_admin
--

ALTER TABLE ONLY public.movie
    ADD CONSTRAINT movie_content_id_fkey FOREIGN KEY (content_id) REFERENCES public.content(id) ON DELETE CASCADE;


--
-- Name: person person_photo_upload_id_fkey; Type: FK CONSTRAINT; Schema: public; Owner: kinoskop_admin
--

ALTER TABLE ONLY public.person
    ADD CONSTRAINT person_photo_upload_id_fkey FOREIGN KEY (photo_upload_id) REFERENCES public.static(id) ON DELETE SET NULL;


--
-- Name: person_role person_role_content_id_fkey; Type: FK CONSTRAINT; Schema: public; Owner: kinoskop_admin
--

ALTER TABLE ONLY public.person_role
    ADD CONSTRAINT person_role_content_id_fkey FOREIGN KEY (content_id) REFERENCES public.content(id) ON DELETE CASCADE;


--
-- Name: person_role person_role_person_id_fkey; Type: FK CONSTRAINT; Schema: public; Owner: kinoskop_admin
--

ALTER TABLE ONLY public.person_role
    ADD CONSTRAINT person_role_person_id_fkey FOREIGN KEY (person_id) REFERENCES public.person(id) ON DELETE CASCADE;


--
-- Name: person_role person_role_role_id_fkey; Type: FK CONSTRAINT; Schema: public; Owner: kinoskop_admin
--

ALTER TABLE ONLY public.person_role
    ADD CONSTRAINT person_role_role_id_fkey FOREIGN KEY (role_id) REFERENCES public.role(id) ON DELETE CASCADE;


--
-- Name: review review_content_id_fkey; Type: FK CONSTRAINT; Schema: public; Owner: kinoskop_admin
--

ALTER TABLE ONLY public.review
    ADD CONSTRAINT review_content_id_fkey FOREIGN KEY (content_id) REFERENCES public.content(id) ON DELETE CASCADE;


--
-- Name: review_like review_like_review_id_fkey; Type: FK CONSTRAINT; Schema: public; Owner: kinoskop_admin
--

ALTER TABLE ONLY public.review_like
    ADD CONSTRAINT review_like_review_id_fkey FOREIGN KEY (review_id) REFERENCES public.review(id) ON DELETE CASCADE;


--
-- Name: review_like review_like_user_id_fkey; Type: FK CONSTRAINT; Schema: public; Owner: kinoskop_admin
--

ALTER TABLE ONLY public.review_like
    ADD CONSTRAINT review_like_user_id_fkey FOREIGN KEY (user_id) REFERENCES public.users(id) ON DELETE CASCADE;


--
-- Name: review review_user_id_fkey; Type: FK CONSTRAINT; Schema: public; Owner: kinoskop_admin
--

ALTER TABLE ONLY public.review
    ADD CONSTRAINT review_user_id_fkey FOREIGN KEY (user_id) REFERENCES public.users(id) ON DELETE CASCADE;


--
-- Name: season season_series_id_fkey; Type: FK CONSTRAINT; Schema: public; Owner: kinoskop_admin
--

ALTER TABLE ONLY public.season
    ADD CONSTRAINT season_series_id_fkey FOREIGN KEY (series_id) REFERENCES public.series(id) ON DELETE CASCADE;


--
-- Name: series series_content_id_fkey; Type: FK CONSTRAINT; Schema: public; Owner: kinoskop_admin
--

ALTER TABLE ONLY public.series
    ADD CONSTRAINT series_content_id_fkey FOREIGN KEY (content_id) REFERENCES public.content(id) ON DELETE CASCADE;


--
-- Name: users users_avatar_upload_id_fkey; Type: FK CONSTRAINT; Schema: public; Owner: kinoskop_admin
--

ALTER TABLE ONLY public.users
    ADD CONSTRAINT users_avatar_upload_id_fkey FOREIGN KEY (avatar_upload_id) REFERENCES public.static(id) ON DELETE SET NULL;


--
-- PostgreSQL database dump complete
--

